Date,daily_return
2020-11-24 00:00:00+08:00,-0.009063258967958343
2020-11-25 00:00:00+08:00,-0.010162626986813694
2020-11-26 00:00:00+08:00,0.004106607438169041
2020-11-27 00:00:00+08:00,0.0
2020-11-30 00:00:00+08:00,-0.017382370650437018
2020-12-01 00:00:00+08:00,0.01977111713273172
2020-12-02 00:00:00+08:00,0.018367449491208276
2020-12-03 00:00:00+08:00,-0.004007985719445828
2020-12-04 00:00:00+08:00,0.012072410433605851
2020-12-07 00:00:00+08:00,0.02186878846963891
2020-12-08 00:00:00+08:00,0.019455105628115144
2020-12-09 00:00:00+08:00,-0.007633531097430035
2020-12-10 00:00:00+08:00,-0.015384500255982592
2020-12-11 00:00:00+08:00,0.007812440622751771
2020-12-14 00:00:00+08:00,-0.015503954083971094
2020-12-15 00:00:00+08:00,-0.007873890956281215
2020-12-16 00:00:00+08:00,0.015873028551057544
2020-12-17 00:00:00+08:00,-0.002944194231905728
2020-12-18 00:00:00+08:00,0.003937008908869277
2020-12-21 00:00:00+08:00,0.011764774418107082
2020-12-22 00:00:00+08:00,-0.013566217577683282
2020-12-23 00:00:00+08:00,0.0
2020-12-24 00:00:00+08:00,0.0019648999094676878
2020-12-25 00:00:00+08:00,0.0019607848271019357
2020-12-28 00:00:00+08:00,0.00782792134998811
2020-12-29 00:00:00+08:00,0.0
2020-12-30 00:00:00+08:00,0.019417607885430455
2020-12-31 00:00:00+08:00,0.00952336442655577
2021-01-04 00:00:00+08:00,0.011320948664748531
2021-01-05 00:00:00+08:00,0.011194219480666012
2021-01-06 00:00:00+08:00,0.012914883582937797
2021-01-07 00:00:00+08:00,0.029143846051271627
2021-01-08 00:00:00+08:00,0.026549036480302046
2021-01-11 00:00:00+08:00,0.006896551724137945
2021-01-12 00:00:00+08:00,0.011985844078163943
2021-01-13 00:00:00+08:00,0.023688899924694917
2021-01-14 00:00:00+08:00,-0.02148771840301722
2021-01-15 00:00:00+08:00,0.015202820624355073
2021-01-18 00:00:00+08:00,0.009983474372168288
2021-01-19 00:00:00+08:00,0.032948822792794985
2021-01-20 00:00:00+08:00,0.03189782694529897
2021-01-21 00:00:00+08:00,0.04018538065578525
2021-01-22 00:00:00+08:00,-0.035661034167014716
2021-01-25 00:00:00+08:00,-0.024653317861228374
2021-01-26 00:00:00+08:00,-0.02527625568079217
2021-01-27 00:00:00+08:00,-0.003241707502716573
2021-01-28 00:00:00+08:00,-0.02276423258486049
2021-01-29 00:00:00+08:00,-0.016639160983343726
2021-02-01 00:00:00+08:00,0.033841188776223774
2021-02-02 00:00:00+08:00,0.03436989294498116
2021-02-03 00:00:00+08:00,-0.003164768911020799
2021-02-04 00:00:00+08:00,-0.004761694829324203
2021-02-05 00:00:00+08:00,0.007974483356979478
2021-02-17 00:00:00+08:00,0.049050643274829
2021-02-18 00:00:00+08:00,-0.004524787088390658
2021-02-19 00:00:00+08:00,-0.01212131450585252
2021-02-22 00:00:00+08:00,-0.0030676900901874804
2021-02-23 00:00:00+08:00,-0.013846159534973146
2021-02-24 00:00:00+08:00,-0.024960904682418072
2021-02-25 00:00:00+08:00,0.016000005127521977
2021-02-26 00:00:00+08:00,-0.04566951602597702
2021-03-02 00:00:00+08:00,0.0049510486397919
2021-03-03 00:00:00+08:00,0.021346031102869922
2021-03-04 00:00:00+08:00,-0.03376185769647899
2021-03-05 00:00:00+08:00,0.0
2021-03-08 00:00:00+08:00,-0.004991903819868471
2021-03-09 00:00:00+08:00,-0.005016389708870528
2021-03-10 00:00:00+08:00,0.003361232705585193
2021-03-11 00:00:00+08:00,0.020100730675393752
2021-03-12 00:00:00+08:00,0.008209851734377382
2021-03-15 00:00:00+08:00,-0.004885886342059442
2021-03-16 00:00:00+08:00,0.0032735416796880745
2021-03-17 00:00:00+08:00,-0.010647154706729167
2021-03-18 00:00:00+08:00,-0.0033111850085818517
2021-03-19 00:00:00+08:00,-0.018272792750880562
2021-03-22 00:00:00+08:00,0.0033843584159434226
2021-03-23 00:00:00+08:00,0.0016864155193285768
2021-03-24 00:00:00+08:00,-0.03030291836311605
2021-03-25 00:00:00+08:00,-0.0017365341834497672
2021-03-26 00:00:00+08:00,0.026087195843847777
2021-03-29 00:00:00+08:00,0.015254238434225575
2021-03-30 00:00:00+08:00,-0.003338935412540933
2021-03-31 00:00:00+08:00,-0.016750383500282462
2021-04-01 00:00:00+08:00,0.025553777896187624
2021-04-07 00:00:00+08:00,0.013289072873027719
2021-04-08 00:00:00+08:00,0.004918141433273293
2021-04-09 00:00:00+08:00,-0.004894071696485369
2021-04-12 00:00:00+08:00,-0.008196975057973677
2021-04-13 00:00:00+08:00,0.0
2021-04-14 00:00:00+08:00,0.011570323323033538
2021-04-15 00:00:00+08:00,0.011437656228423299
2021-04-16 00:00:00+08:00,-0.014539155497959921
2021-04-19 00:00:00+08:00,-0.011475481671341825
2021-04-20 00:00:00+08:00,-0.0016583380363134337
2021-04-21 00:00:00+08:00,-0.016611368704368634
2021-04-22 00:00:00+08:00,-0.0016894887673482017
2021-04-23 00:00:00+08:00,0.018612902460025005
2021-04-26 00:00:00+08:00,0.013289072873027719
2021-04-27 00:00:00+08:00,0.0
2021-04-28 00:00:00+08:00,-0.013114789479914624
2021-04-29 00:00:00+08:00,-0.0033226271883507463
2021-05-03 00:00:00+08:00,-0.019999563367025353
2021-05-04 00:00:00+08:00,0.005101587910794958
2021-05-05 00:00:00+08:00,-0.010152062674254059
2021-05-06 00:00:00+08:00,0.0034188416947515954
2021-05-07 00:00:00+08:00,0.02044293169710132
2021-05-10 00:00:00+08:00,-0.0166944550516398
2021-05-11 00:00:00+08:00,-0.030560498577188677
2021-05-12 00:00:00+08:00,-0.01926414304025048
2021-05-13 00:00:00+08:00,-0.02321454205739304
2021-05-14 00:00:00+08:00,0.018281438424674112
2021-05-17 00:00:00+08:00,-0.014362462704010315
2021-05-18 00:00:00+08:00,0.041894398815588874
2021-05-19 00:00:00+08:00,-0.008741181921809171
2021-05-20 00:00:00+08:00,0.0
2021-05-21 00:00:00+08:00,0.010581658770851599
2021-05-24 00:00:00+08:00,-0.008725813124054627
2021-05-25 00:00:00+08:00,0.026408454826195138
2021-05-26 00:00:00+08:00,0.0034305702714323427
2021-05-27 00:00:00+08:00,-0.005127978386928245
2021-05-28 00:00:00+08:00,0.01374551248370115
2021-05-31 00:00:00+08:00,0.011864370104785138
2021-06-01 00:00:00+08:00,0.001674782181974921
2021-06-02 00:00:00+08:00,-0.0050162795026373885
2021-06-03 00:00:00+08:00,0.001680634893104882
2021-06-04 00:00:00+08:00,-0.0016778150985062856
2021-06-07 00:00:00+08:00,-0.005042128182858097
2021-06-08 00:00:00+08:00,-0.005067567757294111
2021-06-09 00:00:00+08:00,-0.005093378799474024
2021-06-10 00:00:00+08:00,0.022184263357664324
2021-06-11 00:00:00+08:00,0.005008458621577727
2021-06-15 00:00:00+08:00,0.0116278697311889
2021-06-16 00:00:00+08:00,-0.006568326470468122
2021-06-17 00:00:00+08:00,0.005809010973431006
2021-06-18 00:00:00+08:00,-0.004950254872072235
2021-06-21 00:00:00+08:00,-0.033167635716056076
2021-06-22 00:00:00+08:00,-0.008576253155982316
2021-06-23 00:00:00+08:00,0.029411592861014357
2021-06-24 00:00:00+08:00,-0.008403287462922293
2021-06-25 00:00:00+08:00,0.001694945119670388
2021-06-28 00:00:00+08:00,-0.001692077141776771
2021-06-29 00:00:00+08:00,0.008474501132039736
2021-06-30 00:00:00+08:00,0.0
2021-07-01 00:00:00+08:00,-0.0033611814371349302
2021-07-02 00:00:00+08:00,-0.008431627693410215
2021-07-05 00:00:00+08:00,0.005101904644249089
2021-07-06 00:00:00+08:00,0.00169218918502545
2021-07-07 00:00:00+08:00,0.003378437328444006
2021-07-08 00:00:00+08:00,-0.01010107428493967
2021-07-09 00:00:00+08:00,-0.0068026146022538425
2021-07-12 00:00:00+08:00,0.015410772709981257
2021-07-13 00:00:00+08:00,0.02360873620611814
2021-07-14 00:00:00+08:00,0.009884743267327023
2021-07-15 00:00:00+08:00,0.0016313499177520452
2021-07-16 00:00:00+08:00,-0.040716784510183124
2021-07-19 00:00:00+08:00,-0.011884310158572498
2021-07-20 00:00:00+08:00,-0.0017183567444222225
2021-07-21 00:00:00+08:00,0.0068848024209413605
2021-07-22 00:00:00+08:00,0.0102562494651659
2021-07-23 00:00:00+08:00,-0.010152126720914256
2021-07-26 00:00:00+08:00,-0.008547270727677692
2021-07-27 00:00:00+08:00,0.0
2021-07-28 00:00:00+08:00,-0.0017240542732879227
2021-07-29 00:00:00+08:00,0.006908470175335912
2021-07-30 00:00:00+08:00,-0.005145888190455805
2021-08-02 00:00:00+08:00,0.017241456078630035
2021-08-03 00:00:00+08:00,0.006779892711836988
2021-08-04 00:00:00+08:00,0.0033667274887094756
2021-08-05 00:00:00+08:00,0.0
2021-08-06 00:00:00+08:00,-0.008389187738240156
2021-08-09 00:00:00+08:00,0.006768084480609504
2021-08-10 00:00:00+08:00,-0.0067225854543264685
2021-08-11 00:00:00+08:00,-0.001692077141776771
2021-08-12 00:00:00+08:00,-0.006779668245525339
2021-08-13 00:00:00+08:00,-0.00853234761824695
2021-08-16 00:00:00+08:00,0.005163715787405376
2021-08-17 00:00:00+08:00,0.0
2021-08-18 00:00:00+08:00,-0.017123584727558483
2021-08-19 00:00:00+08:00,-0.02613240398020622
2021-08-20 00:00:00+08:00,-0.01252216778061821
2021-08-23 00:00:00+08:00,0.025362101740268095
2021-08-24 00:00:00+08:00,0.010601010976087899
2021-08-25 00:00:00+08:00,0.022727204320718064
2021-08-26 00:00:00+08:00,0.0153846571787295
2021-08-27 00:00:00+08:00,0.008417654801909258
2021-08-30 00:00:00+08:00,0.010016203950898639
2021-08-31 00:00:00+08:00,0.014876296824577473
2021-09-01 00:00:00+08:00,-0.0016286929496425184
2021-09-02 00:00:00+08:00,-0.009787991484400904
2021-09-03 00:00:00+08:00,0.02141685283764061
2021-09-06 00:00:00+08:00,0.017742032639700867
2021-09-07 00:00:00+08:00,-0.0126785092887165
2021-09-08 00:00:00+08:00,-0.006420446453055728
2021-09-09 00:00:00+08:00,0.0
2021-09-10 00:00:00+08:00,0.004846611682916446
2021-09-13 00:00:00+08:00,-0.011254109320705918
2021-09-14 00:00:00+08:00,-0.0032519819237912806
2021-09-15 00:00:00+08:00,-0.009787991484400904
2021-09-16 00:00:00+08:00,-0.007033351940430865
2021-09-17 00:00:00+08:00,0.0
2021-09-22 00:00:00+08:00,-0.023333494465123006
2021-09-23 00:00:00+08:00,0.003412977345506496
2021-09-24 00:00:00+08:00,0.01700673065378444
2021-09-27 00:00:00+08:00,0.006689089661888081
2021-09-28 00:00:00+08:00,-0.013288848107114948
2021-09-29 00:00:00+08:00,-0.023569073263688622
2021-09-30 00:00:00+08:00,0.0
2021-10-01 00:00:00+08:00,-0.01034473627355148
2021-10-04 00:00:00+08:00,-0.0034846722767011284
2021-10-05 00:00:00+08:00,0.0
2021-10-06 00:00:00+08:00,-0.001748313599358342
2021-10-07 00:00:00+08:00,0.01576214909284257
2021-10-08 00:00:00+08:00,-0.008620651444941063
2021-10-12 00:00:00+08:00,0.0
2021-10-13 00:00:00+08:00,-0.0069568804103258275
2021-10-14 00:00:00+08:00,0.0035026356637830602
2021-10-15 00:00:00+08:00,0.04712070795238521
2021-10-18 00:00:00+08:00,-0.01666681315011187
2021-10-19 00:00:00+08:00,0.016949304033462065
2021-10-20 00:00:00+08:00,-0.003333560382673406
2021-10-21 00:00:00+08:00,-0.0033442692558380838
2021-10-22 00:00:00+08:00,0.006711424241599762
2021-10-25 00:00:00+08:00,-0.01166663736997764
2021-10-26 00:00:00+08:00,0.010117954617379743
2021-10-27 00:00:00+08:00,0.0
2021-10-28 00:00:00+08:00,-0.006677701345939591
2021-10-29 00:00:00+08:00,-0.008403545677204804
2021-11-01 00:00:00+08:00,0.0
2021-11-02 00:00:00+08:00,0.003389726737078602
2021-11-03 00:00:00+08:00,0.0
2021-11-04 00:00:00+08:00,-0.008445910961846437
2021-11-05 00:00:00+08:00,0.02214672957919883
2021-11-08 00:00:00+08:00,0.003333230794921649
2021-11-09 00:00:00+08:00,0.014950255238912913
2021-11-10 00:00:00+08:00,0.0016366108884791064
2021-11-11 00:00:00+08:00,-0.009804051452313445
2021-11-12 00:00:00+08:00,-0.0033002291559908192
2021-11-15 00:00:00+08:00,0.0066224225989830465
2021-11-16 00:00:00+08:00,0.003289698364268734
2021-11-17 00:00:00+08:00,0.0
2021-11-18 00:00:00+08:00,0.004917773262005598
2021-11-19 00:00:00+08:00,0.008156572819983499
2021-11-22 00:00:00+08:00,-0.004854220846889246
2021-11-23 00:00:00+08:00,-0.004878006430123705
2021-11-24 00:00:00+08:00,-0.014706292595315196
2021-11-25 00:00:00+08:00,0.0
2021-11-26 00:00:00+08:00,-0.011608162717387294
2021-11-29 00:00:00+08:00,-0.005033512881240654
2021-11-30 00:00:00+08:00,0.0050589773086899825
2021-12-01 00:00:00+08:00,0.006711424241599762
2021-12-02 00:00:00+08:00,0.024999890137416214
2021-12-03 00:00:00+08:00,-0.011382193641989002
2021-12-06 00:00:00+08:00,-0.0131577092866354
2021-12-07 00:00:00+08:00,0.01166652750739372
2021-12-08 00:00:00+08:00,-0.008237197224468917
2021-12-09 00:00:00+08:00,0.009966690829137814
2021-12-10 00:00:00+08:00,-0.004933951252661384
2021-12-13 00:00:00+08:00,-0.00661180220421731
2021-12-14 00:00:00+08:00,-0.0033276851891357317
2021-12-15 00:00:00+08:00,0.0016695078709851874
2021-12-16 00:00:00+08:00,0.012976089507244382
2021-12-17 00:00:00+08:00,0.003305716286249094
2021-12-20 00:00:00+08:00,-0.014827142781783209
2021-12-21 00:00:00+08:00,-0.001672096582422844
2021-12-22 00:00:00+08:00,0.005025241059787078
2021-12-23 00:00:00+08:00,0.010000009842314084
2021-12-24 00:00:00+08:00,-0.0033003693412243518
2021-12-27 00:00:00+08:00,0.0033112978471185883
2021-12-28 00:00:00+08:00,0.014851391344805398
2021-12-29 00:00:00+08:00,0.0016259824310678184
2021-12-30 00:00:00+08:00,-0.0016233429040262148
2022-01-03 00:00:00+08:00,0.026016359047648097
2022-01-04 00:00:00+08:00,0.03961955115096849
2022-01-05 00:00:00+08:00,-0.009146551268858438
2022-01-06 00:00:00+08:00,-0.009230781033784496
2022-01-07 00:00:00+08:00,-0.015527630726043129
2022-01-10 00:00:00+08:00,0.014195390319675427
2022-01-11 00:00:00+08:00,0.012441728031048038
2022-01-12 00:00:00+08:00,0.01382500091216543
2022-01-13 00:00:00+08:00,0.001515020465054251
2022-01-14 00:00:00+08:00,0.016641404889034872
2022-01-17 00:00:00+08:00,0.016368904062025402
2022-01-18 00:00:00+08:00,-0.030746553940030008
2022-01-19 00:00:00+08:00,-0.012084540041226721
2022-01-20 00:00:00+08:00,-0.004587161025796038
2022-01-21 00:00:00+08:00,-0.015360966536531073
2022-01-24 00:00:00+08:00,0.018720871635020897
2022-01-25 00:00:00+08:00,-0.018376841150779977
2022-01-26 00:00:00+08:00,-0.007800354650911001
2022-02-07 00:00:00+08:00,-0.0015721912698247742
2022-02-08 00:00:00+08:00,-0.011023701945998554
2022-02-09 00:00:00+08:00,0.007961722380055658
2022-02-10 00:00:00+08:00,0.025276662879698764
2022-02-11 00:00:00+08:00,0.0015404964954386369
2022-02-14 00:00:00+08:00,-0.019999588136888735
2022-02-15 00:00:00+08:00,-0.006279714926240798
2022-02-16 00:00:00+08:00,0.020537217324963386
2022-02-17 00:00:00+08:00,-0.0015482600991646445
2022-02-18 00:00:00+08:00,-0.012402642440968004
2022-02-21 00:00:00+08:00,-0.007849334636989114
2022-02-22 00:00:00+08:00,-0.007911537952811298
2022-02-23 00:00:00+08:00,-0.003189726235048318
2022-02-24 00:00:00+08:00,-0.03360003292319669
2022-02-25 00:00:00+08:00,0.0
2022-03-01 00:00:00+08:00,0.0
2022-03-02 00:00:00+08:00,-0.004966892453269645
2022-03-03 00:00:00+08:00,0.0016637496368496762
2022-03-04 00:00:00+08:00,-0.01162755717644337
2022-03-07 00:00:00+08:00,-0.03193309300814262
2022-03-08 00:00:00+08:00,-0.02256931826699604
2022-03-09 00:00:00+08:00,0.008880809398367218
2022-03-10 00:00:00+08:00,0.033450705649015866
2022-03-11 00:00:00+08:00,-0.020442730966072742
2022-03-14 00:00:00+08:00,-0.005217510578062745
2022-03-15 00:00:00+08:00,-0.024475704565813383
2022-03-16 00:00:00+08:00,0.004953025571797998
2022-03-17 00:00:00+08:00,0.04301061428824182
2022-03-18 00:00:00+08:00,-0.0017182358039685708
2022-03-21 00:00:00+08:00,0.008605628962615963
2022-03-22 00:00:00+08:00,-0.005119077264707617
2022-03-23 00:00:00+08:00,0.012006794405400534
2022-03-24 00:00:00+08:00,0.0016950482392115163
2022-03-25 00:00:00+08:00,0.011844154615993308
2022-03-28 00:00:00+08:00,-0.023411243795206982
2022-03-29 00:00:00+08:00,0.008561532225596968
2022-03-30 00:00:00+08:00,0.01867563536435246
2022-03-31 00:00:00+08:00,-0.004999957560157364
2022-04-01 00:00:00+08:00,-0.013400293606485314
2022-04-06 00:00:00+08:00,-0.018675857069140323
2022-04-07 00:00:00+08:00,-0.02076095760195107
2022-04-08 00:00:00+08:00,0.0017666921259518187
2022-04-11 00:00:00+08:00,-0.01587299393900865
2022-04-12 00:00:00+08:00,-0.001792255192239467
2022-04-13 00:00:00+08:00,0.02872546023578515
2022-04-14 00:00:00+08:00,0.0
2022-04-15 00:00:00+08:00,-0.019197573186638506
2022-04-18 00:00:00+08:00,-0.0017794995884972131
2022-04-19 00:00:00+08:00,0.007130687409299563
2022-04-20 00:00:00+08:00,0.008849210838665522
2022-04-21 00:00:00+08:00,-0.008771589196475693
2022-04-22 00:00:00+08:00,-0.01238942675543453
2022-04-25 00:00:00+08:00,-0.019713519995282147
2022-04-26 00:00:00+08:00,-0.0018279989591465373
2022-04-27 00:00:00+08:00,-0.03663010211570794
2022-04-28 00:00:00+08:00,0.009505705545940435
2022-04-29 00:00:00+08:00,0.013182726301562253
2022-05-03 00:00:00+08:00,-0.013011203171301
2022-05-04 00:00:00+08:00,0.005649792540916465
2022-05-05 00:00:00+08:00,0.014981104428660297
2022-05-06 00:00:00+08:00,-0.02583006160222645
2022-05-09 00:00:00+08:00,-0.015151405544495233
2022-05-10 00:00:00+08:00,-0.003846204070808712
2022-05-11 00:00:00+08:00,0.005791455664930334
2022-05-12 00:00:00+08:00,-0.030710263548070715
2022-05-13 00:00:00+08:00,0.011881151635646958
2022-05-16 00:00:00+08:00,0.017612758504195858
2022-05-17 00:00:00+08:00,0.01923070644995062
2022-05-18 00:00:00+08:00,0.015094229679095017
2022-05-19 00:00:00+08:00,-0.029739806276751657
2022-05-20 00:00:00+08:00,0.015325811153835911
2022-05-23 00:00:00+08:00,-0.003773634415122129
2022-05-24 00:00:00+08:00,-0.015151405544495233
2022-05-25 00:00:00+08:00,0.00769221979916157
2022-05-26 00:00:00+08:00,-0.019084033431776115
2022-05-27 00:00:00+08:00,0.031128498333401033
2022-05-30 00:00:00+08:00,0.03207521496947252
2022-05-31 00:00:00+08:00,0.023766075337740222
2022-06-01 00:00:00+08:00,-0.01964265185593861
2022-06-02 00:00:00+08:00,-0.01639359762065773
2022-06-06 00:00:00+08:00,0.0
2022-06-07 00:00:00+08:00,-0.0092592004829678
2022-06-08 00:00:00+08:00,0.016822468571941807
2022-06-09 00:00:00+08:00,-0.00551465833680842
2022-06-10 00:00:00+08:00,-0.020332742064103848
2022-06-13 00:00:00+08:00,-0.026415132924461293
2022-06-14 00:00:00+08:00,-0.005814029997904591
2022-06-15 00:00:00+08:00,-0.0077973105270151555
2022-06-16 00:00:00+08:00,0.0034568877709564294
2022-06-17 00:00:00+08:00,-0.013779659796033017
2022-06-20 00:00:00+08:00,-0.005987961858977875
2022-06-21 00:00:00+08:00,0.014056230398402647
2022-06-22 00:00:00+08:00,-0.020792087229048795
2022-06-23 00:00:00+08:00,-0.018200143733209107
2022-06-24 00:00:00+08:00,0.002059599165994852
2022-06-27 00:00:00+08:00,0.024665993024196364
2022-06-28 00:00:00+08:00,-0.002006084103507888
2022-06-29 00:00:00+08:00,-0.013065072392325905
2022-06-30 00:00:00+08:00,-0.030549972377652557
2022-07-01 00:00:00+08:00,-0.047268787257817135
2022-07-04 00:00:00+08:00,-0.029768617065073166
2022-07-05 00:00:00+08:00,0.013636294873152544
2022-07-06 00:00:00+08:00,-0.023542465576705474
2022-07-07 00:00:00+08:00,0.05051658803991055
2022-07-08 00:00:00+08:00,0.020765034691073492
2022-07-11 00:00:00+08:00,-0.010706641837696096
2022-07-12 00:00:00+08:00,-0.027056356844571083
2022-07-13 00:00:00+08:00,0.04671859644408527
2022-07-14 00:00:00+08:00,0.009564504298105847
2022-07-15 00:00:00+08:00,0.03684190774696394
2022-07-18 00:00:00+08:00,0.006091372967935271
2022-07-19 00:00:00+08:00,-0.009081608133153507
2022-07-20 00:00:00+08:00,0.008146443277241788
2022-07-21 00:00:00+08:00,0.0121212176868708
2022-07-22 00:00:00+08:00,0.003992082588804902
2022-07-25 00:00:00+08:00,-0.006958253192031583
2022-07-26 00:00:00+08:00,-0.009009077527067033
2022-07-27 00:00:00+08:00,0.014141486229946931
2022-07-28 00:00:00+08:00,-0.0019920973261693398
2022-07-29 00:00:00+08:00,0.015968135926144322
2022-08-01 00:00:00+08:00,-0.009823186470986345
2022-08-02 00:00:00+08:00,-0.02380953301294031
2022-08-03 00:00:00+08:00,0.018292624174977012
2022-08-04 00:00:00+08:00,-0.0019959440798646977
2022-08-05 00:00:00+08:00,0.03200007740765409
2022-08-08 00:00:00+08:00,-0.007752003349156378
2022-08-09 00:00:00+08:00,-0.003906314903634245
2022-08-10 00:00:00+08:00,-0.0196077882097333
2022-08-11 00:00:00+08:00,0.02800001090980353
2022-08-12 00:00:00+08:00,0.005836514917152424
2022-08-15 00:00:00+08:00,0.011605483766773839
2022-08-16 00:00:00+08:00,0.0038241552861464356
2022-08-17 00:00:00+08:00,0.003809463140606928
2022-08-18 00:00:00+08:00,-0.013282552521357904
2022-08-19 00:00:00+08:00,-0.0019232021665747112
2022-08-22 00:00:00+08:00,-0.013487542696183463
2022-08-23 00:00:00+08:00,-0.015625005945371084
2022-08-24 00:00:00+08:00,-0.0019841277510783684
2022-08-25 00:00:00+08:00,0.009940426254897217
2022-08-26 00:00:00+08:00,0.00787395434779814
2022-08-29 00:00:00+08:00,-0.02636726095010522
2022-08-30 00:00:00+08:00,-0.00501491715254998
2022-08-31 00:00:00+08:00,0.018145101766499527
2022-09-01 00:00:00+08:00,-0.02871281806758108
2022-09-02 00:00:00+08:00,-0.01121311781869605
2022-09-05 00:00:00+08:00,0.0020618564983225784
2022-09-06 00:00:00+08:00,0.00617290879060417
2022-09-07 00:00:00+08:00,-0.03374227609070968
2022-09-08 00:00:00+08:00,0.005291075464207706
2022-09-12 00:00:00+08:00,0.02421025785206643
2022-09-13 00:00:00+08:00,0.013360879704095607
2022-09-14 00:00:00+08:00,-0.026369111179182503
2022-09-15 00:00:00+08:00,-0.0015717339794072416
2022-09-16 00:00:00+08:00,-0.009443691009113242
2022-09-19 00:00:00+08:00,-0.010593270477840089
2022-09-20 00:00:00+08:00,0.02034248851891829
2022-09-21 00:00:00+08:00,-0.011542364290683893
2022-09-22 00:00:00+08:00,-0.013800394504572377
2022-09-23 00:00:00+08:00,-0.02045211257248869
2022-09-26 00:00:00+08:00,-0.018681293964714074
2022-09-27 00:00:00+08:00,0.003359304842760924
2022-09-28 00:00:00+08:00,-0.02232132144402099
2022-09-29 00:00:00+08:00,-0.006849288816715093
2022-09-30 00:00:00+08:00,-0.029885140046378544
2022-10-03 00:00:00+08:00,-0.011848169013222498
2022-10-04 00:00:00+08:00,0.028776787376715518
2022-10-05 00:00:00+08:00,0.0372961728921648
2022-10-06 00:00:00+08:00,0.013483093572387972
2022-10-07 00:00:00+08:00,-0.02882484227371518
2022-10-11 00:00:00+08:00,-0.08333340704024872
2022-10-12 00:00:00+08:00,-0.009962736728874488
2022-10-13 00:00:00+08:00,-0.006289176901323357
2022-10-14 00:00:00+08:00,0.043038002409911735
2022-10-17 00:00:00+08:00,-0.03640770650983716
2022-10-18 00:00:00+08:00,0.02518887345183951
2022-10-19 00:00:00+08:00,-0.02825563145072718
2022-10-20 00:00:00+08:00,0.005056816744062997
2022-10-21 00:00:00+08:00,-0.020125820897704316
2022-10-24 00:00:00+08:00,-0.0064181857243171825
2022-10-25 00:00:00+08:00,-0.04134389644680736
2022-10-26 00:00:00+08:00,0.01347706830842732
2022-10-27 00:00:00+08:00,0.025266236950886256
2022-10-28 00:00:00+08:00,-0.015564392308273334
2022-10-31 00:00:00+08:00,0.027668050765351726
2022-11-01 00:00:00+08:00,0.003846221979258102
2022-11-02 00:00:00+08:00,0.00893988483444641
2022-11-03 00:00:00+08:00,-0.027848023052637116
2022-11-04 00:00:00+08:00,-0.0052084252870258085
2022-11-07 00:00:00+08:00,0.020942442004823647
2022-11-08 00:00:00+08:00,0.023076835204321355
2022-11-09 00:00:00+08:00,0.0451130186054054
2022-11-10 00:00:00+08:00,-0.022781942692307267
2022-11-11 00:00:00+08:00,0.08343555822873694
2022-11-14 00:00:00+08:00,0.007927660681264381
2022-11-15 00:00:00+08:00,0.07865154844970768
2022-11-16 00:00:00+08:00,0.014583457759828056
2022-11-17 00:00:00+08:00,-0.004106914887763713
2022-11-18 00:00:00+08:00,0.004123851193625683
2022-11-21 00:00:00+08:00,-0.010267055201555242
2022-11-22 00:00:00+08:00,0.018672262674623852
2022-11-23 00:00:00+08:00,0.0020366959001172358
2022-11-24 00:00:00+08:00,0.008129962336423935
2022-11-25 00:00:00+08:00,0.004032329713769878
2022-11-28 00:00:00+08:00,-0.03514053588879651
2022-11-29 00:00:00+08:00,0.013527612916273135
2022-11-30 00:00:00+08:00,0.00616014031379164
2022-12-01 00:00:00+08:00,0.01734678387863675
2022-12-02 00:00:00+08:00,-0.012036128396508583
2022-12-05 00:00:00+08:00,-0.0071064634915041225
2022-12-06 00:00:00+08:00,-0.022494823396005392
2022-12-07 00:00:00+08:00,-0.0062761937225636055
2022-12-08 00:00:00+08:00,-0.007368483294751593
2022-12-09 00:00:00+08:00,0.02120887303426744
2022-12-12 00:00:00+08:00,-0.013499385404137754
2022-12-13 00:00:00+08:00,-0.007368483294751593
2022-12-14 00:00:00+08:00,0.01908808158891606
2022-12-15 00:00:00+08:00,0.005756026473247022
2022-12-16 00:00:00+08:00,-0.019771031203972722
2022-12-19 00:00:00+08:00,-0.009554148808975316
2022-12-20 00:00:00+08:00,-0.019292553393520984
2022-12-21 00:00:00+08:00,0.003278714748869982
2022-12-22 00:00:00+08:00,0.019607719727555484
2022-12-23 00:00:00+08:00,-0.02777779682981163
2022-12-26 00:00:00+08:00,0.003296800589490445
2022-12-27 00:00:00+08:00,0.001095299031683039
2022-12-28 00:00:00+08:00,-0.013129137733204899
2022-12-29 00:00:00+08:00,-0.011086492491534594
2022-12-30 00:00:00+08:00,0.005605426349224674
2023-01-03 00:00:00+08:00,0.010033525241838204
2023-01-04 00:00:00+08:00,-0.007726401490861012
2023-01-05 00:00:00+08:00,0.020022337097362675
2023-01-06 00:00:00+08:00,0.0
2023-01-09 00:00:00+08:00,0.04907296593144994
2023-01-10 00:00:00+08:00,0.01039502759868527
2023-01-11 00:00:00+08:00,-0.003086444622654061
2023-01-12 00:00:00+08:00,0.004127934089797725
2023-01-13 00:00:00+08:00,0.027749256447715753
2023-01-16 00:00:00+08:00,0.010000080889143836
2023-01-17 00:00:00+08:00,-0.003960427757724649
2023-01-30 00:00:00+08:00,0.07952286409174625
2023-01-31 00:00:00+08:00,-0.038673989385265894
2023-02-01 00:00:00+08:00,0.015325731518956331
2023-02-02 00:00:00+08:00,0.01886777140450513
2023-02-03 00:00:00+08:00,0.003703614760342644
2023-02-06 00:00:00+08:00,-0.02952029957365354
2023-02-07 00:00:00+08:00,-0.005703285618302911
2023-02-08 00:00:00+08:00,0.03250473458258685
2023-02-09 00:00:00+08:00,0.0
2023-02-10 00:00:00+08:00,0.009259215227892525
2023-02-13 00:00:00+08:00,-0.0073392736067442454
2023-02-14 00:00:00+08:00,0.00739353679621324
2023-02-15 00:00:00+08:00,-0.03669713369478822
2023-02-16 00:00:00+08:00,0.005714209201075127
2023-02-17 00:00:00+08:00,-0.01893930390082077
2023-02-20 00:00:00+08:00,-0.0019306412962537545
2023-02-21 00:00:00+08:00,-0.0019341896218585397
2023-02-22 00:00:00+08:00,-0.017441690480583527
2023-02-23 00:00:00+08:00,0.021696170922445912
2023-02-24 00:00:00+08:00,-0.01351355957000655
2023-03-01 00:00:00+08:00,0.0215264662365795
2023-03-02 00:00:00+08:00,-0.005747049394985604
2023-03-03 00:00:00+08:00,-0.005780516275854297
2023-03-06 00:00:00+08:00,0.009690063049389908
2023-03-07 00:00:00+08:00,0.005758141543659612
2023-03-08 00:00:00+08:00,-0.005725175174641661
2023-03-09 00:00:00+08:00,0.0019193394411531894
2023-03-10 00:00:00+08:00,-0.017241394153259648
2023-03-13 00:00:00+08:00,0.005847874911290019
2023-03-14 00:00:00+08:00,-0.011627814389424174
2023-03-15 00:00:00+08:00,0.0019607370478096353
2023-03-16 00:00:00+08:00,-0.0063947723197981254
2023-03-17 00:00:00+08:00,0.025742513290753388
2023-03-20 00:00:00+08:00,-0.011583084400922483
2023-03-21 00:00:00+08:00,0.009765593578556775
2023-03-22 00:00:00+08:00,0.03094778817027355
2023-03-23 00:00:00+08:00,0.009381012730561578
2023-03-24 00:00:00+08:00,0.0018585992855193467
2023-03-27 00:00:00+08:00,-0.014842335832140785
2023-03-28 00:00:00+08:00,-0.011299327007869842
2023-03-29 00:00:00+08:00,0.0095238998725935
2023-03-30 00:00:00+08:00,0.009433870202330885
2023-03-31 00:00:00+08:00,-0.0037384009674036323
2023-04-06 00:00:00+08:00,-0.00562834408299695
2023-04-07 00:00:00+08:00,0.0018865933265233004
2023-04-10 00:00:00+08:00,-0.0037663822114062384
2023-04-11 00:00:00+08:00,-0.00945170457185851
2023-04-12 00:00:00+08:00,-0.007633757081629944
2023-04-13 00:00:00+08:00,-0.019230707834354432
2023-04-14 00:00:00+08:00,0.011764717665931679
2023-04-17 00:00:00+08:00,0.007751863162117623
2023-04-18 00:00:00+08:00,-0.009615415313592002
2023-04-19 00:00:00+08:00,-0.009708645176264463
2023-04-20 00:00:00+08:00,0.00588235883296595
2023-04-21 00:00:00+08:00,-0.00389859787018465
2023-04-24 00:00:00+08:00,-0.007827712844995172
2023-04-25 00:00:00+08:00,-0.017751557910126836
2023-04-26 00:00:00+08:00,-0.013052210701960165
2023-04-27 00:00:00+08:00,0.004069201564776748
2023-04-28 00:00:00+08:00,0.01722387308680151
2023-05-02 00:00:00+08:00,-0.001992139811531568
2023-05-03 00:00:00+08:00,-0.009979944523718087
2023-05-04 00:00:00+08:00,0.004032283499943556
2023-05-05 00:00:00+08:00,0.004015961271165214
2023-05-08 00:00:00+08:00,0.008000051081817006
2023-05-09 00:00:00+08:00,0.011904773970572213
2023-05-10 00:00:00+08:00,-0.013725545677095052
2023-05-11 00:00:00+08:00,-0.007952146594658704
2023-05-12 00:00:00+08:00,-0.006012093541644448
2023-05-15 00:00:00+08:00,-0.0010081191503888975
2023-05-16 00:00:00+08:00,0.01917269107356856
2023-05-17 00:00:00+08:00,0.027722818471688004
2023-05-18 00:00:00+08:00,0.021194582252750838
2023-05-19 00:00:00+08:00,0.003773487842951395
2023-05-22 00:00:00+08:00,-0.0018798011097932443
2023-05-23 00:00:00+08:00,-0.0018830407943271066
2023-05-24 00:00:00+08:00,-0.009434050916273917
2023-05-25 00:00:00+08:00,0.034285686833583684
2023-05-26 00:00:00+08:00,0.04235721874575571
2023-05-29 00:00:00+08:00,0.0035337606471688154
2023-05-30 00:00:00+08:00,-0.0035213171551795597
2023-05-31 00:00:00+08:00,-0.014134252896281452
2023-06-01 00:00:00+08:00,-0.012544682284611253
2023-06-02 00:00:00+08:00,0.01996373979566113
2023-06-05 00:00:00+08:00,-0.012455621543797646
2023-06-06 00:00:00+08:00,0.009009036993931963
2023-06-07 00:00:00+08:00,0.014285803874350078
2023-06-08 00:00:00+08:00,-0.015845140286671944
2023-06-09 00:00:00+08:00,0.010733462606561384
2023-06-12 00:00:00+08:00,0.015929048722214567
2023-06-13 00:00:00+08:00,0.03310117359141218
2023-06-14 00:00:00+08:00,-0.005058865219284114
2023-06-15 00:00:00+08:00,0.006385117186743283
2023-06-16 00:00:00+08:00,-0.003384098211866138
2023-06-19 00:00:00+08:00,-0.01018665975514077
2023-06-20 00:00:00+08:00,0.0
2023-06-21 00:00:00+08:00,-0.0034304258980367708
2023-06-26 00:00:00+08:00,-0.012048366738181104
2023-06-27 00:00:00+08:00,-0.0034842133071969483
2023-06-28 00:00:00+08:00,0.003496395494907434
2023-06-29 00:00:00+08:00,-0.0017421066535984187
2023-06-30 00:00:00+08:00,0.005235551572451147
2023-07-03 00:00:00+08:00,0.005208504012385262
2023-07-04 00:00:00+08:00,0.010362702831574255
2023-07-05 00:00:00+08:00,-0.0051282636269069926
2023-07-06 00:00:00+08:00,-0.029209702110986724
2023-07-07 00:00:00+08:00,0.0
2023-07-10 00:00:00+08:00,0.0
2023-07-11 00:00:00+08:00,0.021238958360330074
2023-07-12 00:00:00+08:00,0.0017331589490150456
2023-07-13 00:00:00+08:00,0.012110792274875548
2023-07-14 00:00:00+08:00,0.010256201332475179
2023-07-17 00:00:00+08:00,0.0
2023-07-18 00:00:00+08:00,-0.01692027598429091
2023-07-19 00:00:00+08:00,0.0
2023-07-20 00:00:00+08:00,-0.003442343615879584
2023-07-21 00:00:00+08:00,-0.032815500048955726
2023-07-24 00:00:00+08:00,-0.003571319134158313
2023-07-25 00:00:00+08:00,0.01971333880495796
2023-07-26 00:00:00+08:00,-0.005272468586233647
2023-07-27 00:00:00+08:00,0.005300414857061453
2023-07-28 00:00:00+08:00,-0.0035149418256966714
2023-07-31 00:00:00+08:00,-0.003527340221374242
2023-08-01 00:00:00+08:00,0.0035398263933883456
2023-08-02 00:00:00+08:00,-0.010582132753487627
2023-08-04 00:00:00+08:00,-0.01247767514496645
2023-08-07 00:00:00+08:00,0.007220224061203373
2023-08-08 00:00:00+08:00,-0.010752585297092998
2023-08-09 00:00:00+08:00,0.003623076607783382
2023-08-10 00:00:00+08:00,-0.005415110686087576
2023-08-11 00:00:00+08:00,-0.009074476732242598
2023-08-14 00:00:00+08:00,-0.009157111349188951
2023-08-15 00:00:00+08:00,0.0018481363391746886
2023-08-16 00:00:00+08:00,0.0
2023-08-17 00:00:00+08:00,0.0036900403619051225
2023-08-18 00:00:00+08:00,-0.009191126646696746
2023-08-21 00:00:00+08:00,-0.003710578420561661
2023-08-22 00:00:00+08:00,0.007449032886166496
2023-08-23 00:00:00+08:00,0.02033243663712958
2023-08-24 00:00:00+08:00,0.021739035323039557
2023-08-25 00:00:00+08:00,-0.03191492598415935
2023-08-28 00:00:00+08:00,0.005494685851332282
2023-08-29 00:00:00+08:00,0.005464427736552091
2023-08-30 00:00:00+08:00,0.005434730046943059
2023-08-31 00:00:00+08:00,-0.010810706820698734
2023-09-01 00:00:00+08:00,-0.001821437324045272
2023-09-04 00:00:00+08:00,0.016423081058055233
2023-09-05 00:00:00+08:00,-0.00897649925999311
2023-09-06 00:00:00+08:00,-0.003623076607783382
2023-09-07 00:00:00+08:00,-0.01454558186487398
2023-09-08 00:00:00+08:00,-0.00553500191308931
2023-09-11 00:00:00+08:00,-0.005565808674751982
2023-09-12 00:00:00+08:00,0.014925266950330807
2023-09-13 00:00:00+08:00,-0.005514418965460788
2023-09-14 00:00:00+08:00,0.022304510418322376
2023-09-15 00:00:00+08:00,0.014545478781686105
2023-09-18 00:00:00+08:00,-0.03225806086239791
2023-09-19 00:00:00+08:00,-0.003703534210728665
2023-09-20 00:00:00+08:00,-0.005576363212167479
2023-09-21 00:00:00+08:00,-0.014953236249969026
2023-09-22 00:00:00+08:00,-0.009487711092622142
2023-09-25 00:00:00+08:00,0.005747166099965284
2023-09-26 00:00:00+08:00,-0.011428649850939054
2023-09-27 00:00:00+08:00,0.005780386943853744
2023-09-28 00:00:00+08:00,0.0019156816742926797
2023-10-02 00:00:00+08:00,0.019120671930458633
2023-10-03 00:00:00+08:00,-0.007504938489291235
2023-10-04 00:00:00+08:00,-0.017013171873304977
2023-10-05 00:00:00+08:00,0.015384458313959959
2023-10-06 00:00:00+08:00,0.007575771178170099
2023-10-11 00:00:00+08:00,0.022556549974564577
2023-10-12 00:00:00+08:00,0.011029371614061922
2023-10-13 00:00:00+08:00,0.005454468358257358
2023-10-16 00:00:00+08:00,-0.014466571326135158
2023-10-17 00:00:00+08:00,0.01100925176540124
2023-10-18 00:00:00+08:00,-0.019963650107334807
2023-10-19 00:00:00+08:00,0.011111070796925304
2023-10-20 00:00:00+08:00,0.018314991178309814
2023-10-23 00:00:00+08:00,-0.021582656940492995
2023-10-24 00:00:00+08:00,0.0
2023-10-25 00:00:00+08:00,0.0
2023-10-26 00:00:00+08:00,-0.023897184828209572
2023-10-27 00:00:00+08:00,0.003766782517615752
2023-10-30 00:00:00+08:00,-0.0018765014234730648
2023-10-31 00:00:00+08:00,-0.005639018692421449
2023-11-01 00:00:00+08:00,-0.0018904519928181207
2023-11-02 00:00:00+08:00,0.035985062722846184
2023-11-03 00:00:00+08:00,0.003656139623561927
2023-11-06 00:00:00+08:00,0.001821583164486995
2023-11-07 00:00:00+08:00,0.009090895510262209
2023-11-08 00:00:00+08:00,0.0018017763588082936
2023-11-09 00:00:00+08:00,0.0017985357995242701
2023-11-10 00:00:00+08:00,0.0
2023-11-13 00:00:00+08:00,0.025134863606830704
2023-11-14 00:00:00+08:00,0.001751177791864622
2023-11-15 00:00:00+08:00,0.015734374682331298
2023-11-16 00:00:00+08:00,0.00344218295512988
2023-11-17 00:00:00+08:00,-0.005145833486912221
2023-11-20 00:00:00+08:00,-0.005172341084217047
2023-11-21 00:00:00+08:00,0.013864841184377141
2023-11-22 00:00:00+08:00,-0.013675236206219132
2023-11-23 00:00:00+08:00,0.0017330777640602868
2023-11-24 00:00:00+08:00,-0.005190347552197938
2023-11-27 00:00:00+08:00,-0.012173741764197832
2023-11-28 00:00:00+08:00,0.012323768135035662
2023-11-29 00:00:00+08:00,-0.001739215883262979
2023-11-30 00:00:00+08:00,0.005226627967216402
2023-12-01 00:00:00+08:00,0.003466265064068219
2023-12-04 00:00:00+08:00,-0.008635783513450623
2023-12-05 00:00:00+08:00,-0.006968543667084881
2023-12-06 00:00:00+08:00,0.0
2023-12-07 00:00:00+08:00,-0.007017445039272485
2023-12-08 00:00:00+08:00,0.007067037587130676
2023-12-11 00:00:00+08:00,0.007017445039272374
2023-12-12 00:00:00+08:00,0.006968763883987483
2023-12-13 00:00:00+08:00,-0.001730079401918716
2023-12-14 00:00:00+08:00,0.013937244445788144
2023-12-15 00:00:00+08:00,0.005154773934707757
2023-12-18 00:00:00+08:00,0.0
2023-12-19 00:00:00+08:00,0.0
2023-12-20 00:00:00+08:00,0.0
2023-12-21 00:00:00+08:00,-0.013675282753989548
2023-12-22 00:00:00+08:00,0.008665446678474353
2023-12-25 00:00:00+08:00,-0.0017182219681349808
2023-12-26 00:00:00+08:00,0.008605788465165798
2023-12-27 00:00:00+08:00,0.010239068972276666
2023-12-28 00:00:00+08:00,0.0016891978004425212
2023-12-29 00:00:00+08:00,0.0
2024-01-02 00:00:00+08:00,0.0
2024-01-03 00:00:00+08:00,-0.02529534437202019
2024-01-04 00:00:00+08:00,0.0034603348337074458
2024-01-05 00:00:00+08:00,-0.0068964792063872515
2024-01-08 00:00:00+08:00,0.012152730969728687
2024-01-09 00:00:00+08:00,0.005145716391156796
2024-01-10 00:00:00+08:00,-0.003412879933555657
2024-01-11 00:00:00+08:00,0.0034245675715014467
2024-01-12 00:00:00+08:00,-0.003412879933555657
2024-01-15 00:00:00+08:00,0.0034245675715014467
2024-01-16 00:00:00+08:00,-0.010238854386471874
2024-01-17 00:00:00+08:00,0.0017241469023026035
2024-01-18 00:00:00+08:00,0.012048255353971582
2024-01-19 00:00:00+08:00,0.06462575432320383
2024-01-22 00:00:00+08:00,0.0
2024-01-23 00:00:00+08:00,0.0031950053020757263
2024-01-24 00:00:00+08:00,-0.0015923648184388295
2024-01-25 00:00:00+08:00,0.023923366769671217
2024-01-26 00:00:00+08:00,0.003115280967298073
2024-01-29 00:00:00+08:00,0.006211114633379866
2024-01-30 00:00:00+08:00,-0.009259210745648394
2024-01-31 00:00:00+08:00,-0.02180677090306027
2024-02-01 00:00:00+08:00,0.0
2024-02-02 00:00:00+08:00,0.011146553729072028
2024-02-05 00:00:00+08:00,0.017322625079903897
2024-02-15 00:00:00+08:00,0.07894749136120072
2024-02-16 00:00:00+08:00,-0.020086096285241717
2024-02-19 00:00:00+08:00,-0.007320681955239272
2024-02-20 00:00:00+08:00,0.013274497952155517
2024-02-21 00:00:00+08:00,-0.008733668415291773
2024-02-22 00:00:00+08:00,0.01615261396422385
2024-02-23 00:00:00+08:00,0.007225470945793067
2024-02-26 00:00:00+08:00,0.0014346374004485796
2024-02-27 00:00:00+08:00,0.0
2024-02-29 00:00:00+08:00,-0.011461287853893887
2024-03-01 00:00:00+08:00,-0.0014492828897233467
2024-03-04 00:00:00+08:00,0.05224972642211223
2024-03-05 00:00:00+08:00,0.0068965002888718985
2024-03-06 00:00:00+08:00,0.006849350463671522
2024-03-07 00:00:00+08:00,0.034013608933701756
2024-03-08 00:00:00+08:00,0.031578861156653204
2024-03-11 00:00:00+08:00,-0.02295906276577442
2024-03-12 00:00:00+08:00,0.005221876608777043
2024-03-13 00:00:00+08:00,0.011688371815399501
2024-03-14 00:00:00+08:00,0.0064183564526423265
2024-03-15 00:00:00+08:00,-0.0395407818545398
2024-03-18 00:00:00+08:00,0.01934587538512189
2024-03-19 00:00:00+08:00,-0.0026177708122732124
2024-03-20 00:00:00+08:00,-0.005249200916645269
2024-03-21 00:00:00+08:00,0.03430063710842868
2024-03-22 00:00:00+08:00,0.0012755752640891682
2024-03-25 00:00:00+08:00,-0.006369432337178127
2024-03-26 00:00:00+08:00,0.002564072734041467
2024-03-27 00:00:00+08:00,-0.0038363526464214592
2024-03-28 00:00:00+08:00,-0.012836821972744494
2024-03-29 00:00:00+08:00,0.009102705526817134
2024-04-01 00:00:00+08:00,-0.007732029640038385
2024-04-02 00:00:00+08:00,0.025974049195329085
2024-04-03 00:00:00+08:00,-0.012658238878312966
2024-04-08 00:00:00+08:00,0.0038461091010622006
2024-04-09 00:00:00+08:00,0.04597719798633304
2024-04-10 00:00:00+08:00,-0.00488402382372366
2024-04-11 00:00:00+08:00,0.0061348972490136155
2024-04-12 00:00:00+08:00,-0.0024390722290955624
2024-04-15 00:00:00+08:00,-0.014669832561827412
2024-04-16 00:00:00+08:00,-0.022332554947987915
2024-04-17 00:00:00+08:00,0.020304649155361343
2024-04-18 00:00:00+08:00,0.0
2024-04-19 00:00:00+08:00,-0.06716416806780778
2024-04-22 00:00:00+08:00,-0.010666708053834406
2024-04-23 00:00:00+08:00,0.016172485823666927
2024-04-24 00:00:00+08:00,0.038461420347273734
2024-04-25 00:00:00+08:00,-0.021711274773008493
2024-04-26 00:00:00+08:00,0.020887647827130262
2024-04-29 00:00:00+08:00,0.016624008070601493
2024-04-30 00:00:00+08:00,-0.0062892353983783345
2024-05-02 00:00:00+08:00,-0.022784861667753398
2024-05-03 00:00:00+08:00,0.010362736302594433
2024-05-06 00:00:00+08:00,0.007692298434702538
2024-05-07 00:00:00+08:00,0.01781181626224959
2024-05-08 00:00:00+08:00,0.0024998924382106935
2024-05-09 00:00:00+08:00,-0.007481209775153985
2024-05-10 00:00:00+08:00,0.0075376001430251804
2024-05-13 00:00:00+08:00,0.02119715118802845
2024-05-14 00:00:00+08:00,0.007325844705662998
2024-05-15 00:00:00+08:00,0.01696972758804094
2024-05-16 00:00:00+08:00,0.0023837624884039954
2024-05-17 00:00:00+08:00,-0.007134355446796636
2024-05-20 00:00:00+08:00,0.0
2024-05-21 00:00:00+08:00,0.007185620215519828
2024-05-22 00:00:00+08:00,0.027348374948236387
2024-05-23 00:00:00+08:00,0.01273155123099956
2024-05-24 00:00:00+08:00,-0.00914289359844389
2024-05-27 00:00:00+08:00,0.0023069226301748458
2024-05-28 00:00:00+08:00,-0.004603009927902524
2024-05-29 00:00:00+08:00,-0.009248663561423176
2024-05-30 00:00:00+08:00,-0.022170323383059132
2024-05-31 00:00:00+08:00,-0.020286383883330372
2024-06-03 00:00:00+08:00,0.030450695911368175
2024-06-04 00:00:00+08:00,-0.008274282917672404
2024-06-05 00:00:00+08:00,0.017878367843985332
2024-06-06 00:00:00+08:00,0.04683845142802867
2024-06-07 00:00:00+08:00,-0.016778468522249845
2024-06-11 00:00:00+08:00,0.004550572577168621
2024-06-12 00:00:00+08:00,0.029445085732635823
2024-06-13 00:00:00+08:00,0.014908627009283304
2024-06-14 00:00:00+08:00,0.0032643610824827363
2024-06-17 00:00:00+08:00,-0.0010845348241494968
2024-06-18 00:00:00+08:00,0.02388716010486469
2024-06-19 00:00:00+08:00,0.04029685958118989
2024-06-20 00:00:00+08:00,0.0
2024-06-21 00:00:00+08:00,-0.011213022128386041
2024-06-24 00:00:00+08:00,-0.030927809874189194
2024-06-25 00:00:00+08:00,0.0053191002547337
2024-06-26 00:00:00+08:00,0.015873003307540934
2024-06-27 00:00:00+08:00,0.0
2024-06-28 00:00:00+08:00,0.006250086042827396
2024-07-01 00:00:00+08:00,0.002070271119685607
2024-07-02 00:00:00+08:00,-0.008264426617446863
2024-07-03 00:00:00+08:00,0.019791668560691145
2024-07-04 00:00:00+08:00,0.02655767422567612
2024-07-05 00:00:00+08:00,0.0
2024-07-08 00:00:00+08:00,0.029850724048842592
2024-07-09 00:00:00+08:00,0.00483105492478253
2024-07-10 00:00:00+08:00,0.004807708157938295
2024-07-11 00:00:00+08:00,0.03349275389120776
2024-07-12 00:00:00+08:00,-0.037036987865890936
2024-07-15 00:00:00+08:00,0.0
2024-07-16 00:00:00+08:00,0.0144230045883178
2024-07-17 00:00:00+08:00,-0.023696703188132662
2024-07-18 00:00:00+08:00,-0.024271866402084896
2024-07-19 00:00:00+08:00,-0.03482580337010699
2024-07-22 00:00:00+08:00,-0.03195867688604637
2024-07-23 00:00:00+08:00,0.0425983820693181
2024-07-26 00:00:00+08:00,-0.05617977384993944
2024-07-29 00:00:00+08:00,0.02164502719434047
2024-07-30 00:00:00+08:00,-0.004237236368026087
2024-07-31 00:00:00+08:00,-0.0063829335696080625
2024-08-01 00:00:00+08:00,0.02783714990643915
2024-08-02 00:00:00+08:00,-0.059375005682073545
2024-08-05 00:00:00+08:00,-0.09745278106816069
2024-08-06 00:00:00+08:00,0.07975447499279653
2024-08-07 00:00:00+08:00,0.045454555114740725
2024-08-08 00:00:00+08:00,-0.02608690761570709
2024-08-09 00:00:00+08:00,0.04241071381980088
2024-08-12 00:00:00+08:00,0.006423937133587021
2024-08-13 00:00:00+08:00,0.0010637669952362483
2024-08-14 00:00:00+08:00,0.007438919926622489
2024-08-15 00:00:00+08:00,-0.005274213531996863
2024-08-16 00:00:00+08:00,0.02757160509097445
2024-08-19 00:00:00+08:00,0.004127916185602931
2024-08-20 00:00:00+08:00,0.0
2024-08-21 00:00:00+08:00,-0.015416161658745708
2024-08-22 00:00:00+08:00,-0.00730697820062276
2024-08-23 00:00:00+08:00,-0.0021030564525327256
2024-08-26 00:00:00+08:00,0.0010538100007240203
2024-08-27 00:00:00+08:00,-0.008421014640164315
2024-08-28 00:00:00+08:00,0.023354441952664562
2024-08-29 00:00:00+08:00,-0.0217841762833082
2024-08-30 00:00:00+08:00,0.0010603827836410673
2024-09-02 00:00:00+08:00,0.00423730240665221
2024-09-03 00:00:00+08:00,-0.008438781107183657
2024-09-04 00:00:00+08:00,-0.0542553664193165
2024-09-05 00:00:00+08:00,0.014623151200306328
2024-09-06 00:00:00+08:00,0.01773835016030545
2024-09-09 00:00:00+08:00,-0.020697102214186636
2024-09-10 00:00:00+08:00,0.005561753773764888
2024-09-11 00:00:00+08:00,-0.0033185950556843258
2024-09-12 00:00:00+08:00,0.047937668949739054
2024-09-13 00:00:00+08:00,0.0074467848398998004
2024-09-16 00:00:00+08:00,0.0
2024-09-18 00:00:00+08:00,-0.006335674277147985
2024-09-19 00:00:00+08:00,0.020191144283561835
2024-09-20 00:00:00+08:00,0.013541716500797163
2024-09-23 00:00:00+08:00,0.004111002030114275
2024-09-24 00:00:00+08:00,0.010235363688471333
2024-09-25 00:00:00+08:00,0.018237168456777697
2024-09-26 00:00:00+08:00,0.009950198983600611
2024-09-27 00:00:00+08:00,-0.014778313074582106
2024-09-30 00:00:00+08:00,-0.0430000844066214
2024-10-01 00:00:00+08:00,0.01567409930788277
2024-10-04 00:00:00+08:00,0.005144007236677295
2024-10-07 00:00:00+08:00,0.028659196197051928
2024-10-08 00:00:00+08:00,0.0049750994918003055
2024-10-09 00:00:00+08:00,0.009901002267168169
2024-10-11 00:00:00+08:00,0.02450980332503172
2024-10-14 00:00:00+08:00,0.0
2024-10-15 00:00:00+08:00,0.023923325625557545
2024-10-16 00:00:00+08:00,-0.02336437214274978
2024-10-17 00:00:00+08:00,-0.009569389641314596
2024-10-18 00:00:00+08:00,0.04830923812950938
2024-10-21 00:00:00+08:00,0.0
2024-10-22 00:00:00+08:00,-0.009216657870974143
2024-10-23 00:00:00+08:00,-0.013953419091692343
2024-10-24 00:00:00+08:00,0.0
2024-10-25 00:00:00+08:00,0.004716957380397124
2024-10-28 00:00:00+08:00,-0.014084669557766216
2024-10-29 00:00:00+08:00,-0.00952364514648274
2024-10-30 00:00:00+08:00,-0.009615455768282821
2024-11-01 00:00:00+08:00,-0.004854344946635503
2024-11-04 00:00:00+08:00,0.014634194781418364
2024-11-05 00:00:00+08:00,0.009615217061785586
2024-11-06 00:00:00+08:00,0.009523999796194671
2024-11-07 00:00:00+08:00,0.004716957380397124
2024-11-08 00:00:00+08:00,0.023474060757846082
2024-11-11 00:00:00+08:00,-0.004587019622718791
2024-11-12 00:00:00+08:00,-0.03225824534685362
2024-11-13 00:00:00+08:00,-0.014285585936294698
2024-11-14 00:00:00+08:00,0.0
2024-11-15 00:00:00+08:00,0.0
2024-11-18 00:00:00+08:00,-0.009661847625901943
2024-11-19 00:00:00+08:00,0.014634194781418364
2024-11-20 00:00:00+08:00,-0.014423123975799923
2024-11-21 00:00:00+08:00,-0.014634134231474638
2024-11-22 00:00:00+08:00,0.029703006801504728
2024-11-25 00:00:00+08:00,-0.009615455768282821
2024-11-26 00:00:00+08:00,-0.01941744004255519
2024-11-27 00:00:00+08:00,-0.009901002267168169
2024-11-28 00:00:00+08:00,0.0050000372382152936
2024-11-29 00:00:00+08:00,-0.0089552037872066
2024-12-02 00:00:00+08:00,0.03915657939593964
2024-12-03 00:00:00+08:00,0.01932363528688441
2024-12-04 00:00:00+08:00,0.014217939219465903
2024-12-05 00:00:00+08:00,0.004672990435462099
2024-12-06 00:00:00+08:00,-0.009302279394461599
2024-12-09 00:00:00+08:00,0.009389624303138389
2024-12-10 00:00:00+08:00,-0.009302279394461599
2024-12-11 00:00:00+08:00,-0.018779365157806094
2024-12-12 00:00:00+08:00,0.01825135759126839
2024-12-13 00:00:00+08:00,0.004716984983828887
2024-12-16 00:00:00+08:00,0.018779357985691414
2024-12-17 00:00:00+08:00,-0.009216711179591552
2024-12-18 00:00:00+08:00,0.009302449166824989
2024-12-19 00:00:00+08:00,-0.013825009786765374
2024-12-20 00:00:00+08:00,-0.03271025283314011
2024-12-23 00:00:00+08:00,0.04347824009203083
2024-12-24 00:00:00+08:00,0.0
2024-12-25 00:00:00+08:00,0.004629748362980912
2024-12-26 00:00:00+08:00,0.0
2024-12-27 00:00:00+08:00,0.004608184641929691
2024-12-30 00:00:00+08:00,0.0
2024-12-31 00:00:00+08:00,-0.013761480378988611
2025-01-02 00:00:00+08:00,-0.009302219116025245
2025-01-03 00:00:00+08:00,0.009389562887407665
2025-01-06 00:00:00+08:00,0.046511670707125585
2025-01-07 00:00:00+08:00,0.004444338439312245
2025-01-08 00:00:00+08:00,-0.022123915593836974
2025-01-09 00:00:00+08:00,-0.004524667629849155
2025-01-10 00:00:00+08:00,0.0
2025-01-13 00:00:00+08:00,-0.02272740302203946
2025-01-14 00:00:00+08:00,0.013953501212137676
2025-01-15 00:00:00+08:00,-0.02293568718916761
2025-01-16 00:00:00+08:00,0.03755848376050652
2025-01-17 00:00:00+08:00,0.013574898109932398
2025-01-20 00:00:00+08:00,0.0
2025-01-21 00:00:00+08:00,0.0
2025-01-22 00:00:00+08:00,0.013392757089388585
2025-02-03 00:00:00+08:00,-0.05726877237997663
2025-02-04 00:00:00+08:00,0.02336462314475307
2025-02-05 00:00:00+08:00,0.013698528040894997
2025-02-06 00:00:00+08:00,0.004504508518863748
2025-02-07 00:00:00+08:00,0.00896861782234426
2025-02-10 00:00:00+08:00,-0.017777903323026423
2025-02-11 00:00:00+08:00,0.004525003337493505
2025-02-12 00:00:00+08:00,-0.009008905639257936
2025-02-13 00:00:00+08:00,-0.009091028655518585
2025-02-14 00:00:00+08:00,-0.027522847315497145
2025-02-17 00:00:00+08:00,0.02358492491914488
2025-02-18 00:00:00+08:00,0.013824895821521244
2025-02-19 00:00:00+08:00,-0.009091028655518585
2025-02-20 00:00:00+08:00,-0.009174320252659074
2025-02-21 00:00:00+08:00,0.013889016103193708
2025-02-24 00:00:00+08:00,-0.01826496754494422
2025-02-25 00:00:00+08:00,-0.018604668282850234
2025-02-26 00:00:00+08:00,0.004739458142697828
2025-02-27 00:00:00+08:00,-0.01886793993531588
2025-03-03 00:00:00+08:00,-0.01923078523605881
2025-03-04 00:00:00+08:00,-0.019607859776356595
2025-03-05 00:00:00+08:00,0.020000017311321727
2025-03-06 00:00:00+08:00,-0.014705894832267474
2025-03-07 00:00:00+08:00,0.0
2025-03-10 00:00:00+08:00,-0.006965253950444783
2025-03-11 00:00:00+08:00,-0.027053960231534613
2025-03-12 00:00:00+08:00,0.01750768688082327
2025-03-13 00:00:00+08:00,-0.02327942151752649
2025-03-14 00:00:00+08:00,-0.006217596529842329
2025-03-17 00:00:00+08:00,0.011470265812473013
2025-03-18 00:00:00+08:00,0.00569661053744519
2025-03-19 00:00:00+08:00,-0.019567476790770533
2025-03-20 00:00:00+08:00,0.03466389929322222
2025-03-21 00:00:00+08:00,-0.013198029292217806
2025-03-24 00:00:00+08:00,0.0
2025-03-25 00:00:00+08:00,0.018518525553192333
2025-03-26 00:00:00+08:00,-0.010101027681880703
2025-03-27 00:00:00+08:00,-0.022448981385986166
2025-03-28 00:00:00+08:00,-0.006263007650468944
2025-03-31 00:00:00+08:00,-0.04411768413299655
2025-04-01 00:00:00+08:00,0.03736268953098376
2025-04-02 00:00:00+08:00,-0.0021186085724147485
2025-04-07 00:00:00+08:00,-0.09978777426645058
2025-04-08 00:00:00+08:00,-0.03773579976379926
2025-04-09 00:00:00+08:00,-0.03799020106918538
2025-04-10 00:00:00+08:00,0.09936304054751655
2025-04-11 00:00:00+08:00,0.03012745771346248
2025-04-14 00:00:00+08:00,-0.026996589447618402
2025-04-15 00:00:00+08:00,0.013872742227138746
2025-04-16 00:00:00+08:00,-0.025085451604299425
2025-04-17 00:00:00+08:00,-0.009356712518862165
2025-04-18 00:00:00+08:00,0.003541889643789098
2025-04-21 00:00:00+08:00,-0.01764708948672289
2025-04-22 00:00:00+08:00,-0.022754442826242616
2025-04-23 00:00:00+08:00,0.06985294062194236
2025-04-24 00:00:00+08:00,-0.010309281984112406
2025-04-25 00:00:00+08:00,0.027777740186240463
2025-04-28 00:00:00+08:00,0.010135139115262648
2025-04-29 00:00:00+08:00,0.005574214404524769
2025-04-30 00:00:00+08:00,0.006651841284493587
2025-05-02 00:00:00+08:00,0.04625547779626604
2025-05-05 00:00:00+08:00,-0.01263156217321404
2025-05-06 00:00:00+08:00,-0.01918970684581045
2025-05-07 00:00:00+08:00,0.008695573068546514
2025-05-08 00:00:00+08:00,-0.010775880934135174
2025-05-09 00:00:00+08:00,0.03376913635117362
2025-05-12 00:00:00+08:00,0.00842984977531347
2025-05-13 00:00:00+08:00,0.012539232929315025
2025-05-14 00:00:00+08:00,0.03095974229439058
2025-05-15 00:00:00+08:00,-0.00600596715857471
2025-05-16 00:00:00+08:00,0.005035193304125052
2025-05-19 00:00:00+08:00,-0.014028006683244887
2025-05-20 00:00:00+08:00,-0.0060975838560840545
2025-05-21 00:00:00+08:00,0.012269922050817561
2025-05-22 00:00:00+08:00,-0.008080797281130425
2025-05-23 00:00:00+08:00,0.0020366884673799213
2025-05-26 00:00:00+08:00,-0.008130132654766364
2025-05-27 00:00:00+08:00,-0.01127046111682406
2025-05-28 00:00:00+08:00,0.00207256793718269
2025-05-29 00:00:00+08:00,0.0
2025-06-02 00:00:00+08:00,-0.021716698921248168
2025-06-03 00:00:00+08:00,0.004228324170955977
2025-06-04 00:00:00+08:00,0.0421052720222852
2025-06-05 00:00:00+08:00,0.008080797281130314
2025-06-06 00:00:00+08:00,-0.003005992623173581
2025-06-09 00:00:00+08:00,0.010050268660903638
2025-06-10 00:00:00+08:00,0.03980100203165504
2025-06-11 00:00:00+08:00,0.019138788665834516
2025-06-12 00:00:00+08:00,-0.014615733449331536
2025-06-13 00:00:00+08:00,-0.014354132640531314
2025-06-16 00:00:00+08:00,-0.004854331964603609
2025-06-17 00:00:00+08:00,0.019512225160107866
2025-06-18 00:00:00+08:00,0.009569304479405183
2025-06-19 00:00:00+08:00,-0.01895731789273092
2025-06-20 00:00:00+08:00,0.019323642323095358
2025-06-23 00:00:00+08:00,-0.03317533535460149
2025-06-24 00:00:00+08:00,0.02941172053107044
2025-06-25 00:00:00+08:00,0.01904770797903188
2025-06-26 00:00:00+08:00,0.004672804065005032
2025-06-27 00:00:00+08:00,0.004651184531758945
2025-06-30 00:00:00+08:00,-0.018518491199214338
2025-07-01 00:00:00+08:00,0.023584899115774327
2025-07-02 00:00:00+08:00,0.0
2025-07-03 00:00:00+08:00,0.004608316273025714
2025-07-04 00:00:00+08:00,-0.0045871771101020364
2025-07-07 00:00:00+08:00,-0.004608316273025714
2025-07-08 00:00:00+08:00,0.0
2025-07-09 00:00:00+08:00,0.009259302339700515
2025-07-10 00:00:00+08:00,0.009174354220204073
2025-07-11 00:00:00+08:00,0.0
2025-07-14 00:00:00+08:00,-0.004545475309513325
2025-07-15 00:00:00+08:00,0.013698581073684934
2025-07-16 00:00:00+08:00,0.018017991160764746
2025-07-17 00:00:00+08:00,0.0
2025-07-18 00:00:00+08:00,0.022123888526334845
2025-07-21 00:00:00+08:00,-0.004328918429344131
2025-07-22 00:00:00+08:00,-0.017391384045663427
2025-07-23 00:00:00+08:00,0.01327439819116516
2025-07-24 00:00:00+08:00,0.0
2025-07-25 00:00:00+08:00,0.0
2025-07-28 00:00:00+08:00,0.0
2025-07-29 00:00:00+08:00,-0.008733664651853323
2025-07-30 00:00:00+08:00,0.017621119211616687
2025-07-31 00:00:00+08:00,0.004329024540689064
2025-08-04 00:00:00+08:00,-0.021551718673070708
2025-08-05 00:00:00+08:00,0.013215920394571645
2025-08-06 00:00:00+08:00,-0.021739123484389777
2025-08-07 00:00:00+08:00,0.04888889469907398
2025-08-08 00:00:00+08:00,-0.004237307499921017
2025-08-11 00:00:00+08:00,0.004255338678417875
2025-08-12 00:00:00+08:00,0.0
2025-08-13 00:00:00+08:00,0.01694912613647137
2025-08-14 00:00:00+08:00,-0.020833326950073228
2025-08-15 00:00:00+08:00,0.004255338678417875
2025-08-18 00:00:00+08:00,0.0
2025-08-19 00:00:00+08:00,0.004237203636707987
2025-08-20 00:00:00+08:00,-0.04219408235358846
2025-08-21 00:00:00+08:00,0.013215920394571645
2025-08-22 00:00:00+08:00,-0.013043538034247515
2025-08-25 00:00:00+08:00,0.030837039606188332
2025-08-26 00:00:00+08:00,0.004273523970261595
2025-08-27 00:00:00+08:00,0.012765911730067359
2025-08-28 00:00:00+08:00,-0.025210097881064764
2025-08-29 00:00:00+08:00,0.0
2025-09-01 00:00:00+08:00,0.004310364865407479
2025-09-02 00:00:00+08:00,-0.004291865359753677
2025-09-03 00:00:00+08:00,0.0
2025-09-04 00:00:00+08:00,0.0
2025-09-05 00:00:00+08:00,0.017241459461629693
2025-09-08 00:00:00+08:00,0.0
2025-09-09 00:00:00+08:00,0.01694912613647137
2025-09-10 00:00:00+08:00,0.020833326950073117
2025-09-11 00:00:00+08:00,0.012244854264823912
2025-09-12 00:00:00+08:00,0.016129107183327607
2025-09-15 00:00:00+08:00,-0.003968272109642901
2025-09-16 00:00:00+08:00,0.02400000000000002
2025-09-17 00:00:00+08:00,-0.01171875
2025-09-18 00:00:00+08:00,0.015810276679841806
2025-09-19 00:00:00+08:00,-0.015564202334630295
2025-09-22 00:00:00+08:00,0.02371541501976293
2025-09-23 00:00:00+08:00,0.03474903474903468
2025-09-24 00:00:00+08:00,0.0
2025-09-25 00:00:00+08:00,-0.014925373134328401
2025-09-26 00:00:00+08:00,-0.015151515151515138
2025-09-30 00:00:00+08:00,0.0038461538461538325
2025-10-01 00:00:00+08:00,0.015325670498084198
2025-10-02 00:00:00+08:00,0.030188679245283012
2025-10-03 00:00:00+08:00,0.02564102564102555
2025-10-07 00:00:00+08:00,0.02499999999999991
2025-10-08 00:00:00+08:00,-0.013937282229965153
2025-10-09 00:00:00+08:00,0.0176678445229681
2025-10-13 00:00:00+08:00,-0.01736111111111116
2025-10-14 00:00:00+08:00,0.007067137809187329
2025-10-15 00:00:00+08:00,0.02807017543859658
2025-10-16 00:00:00+08:00,0.013651877133105783
2025-10-17 00:00:00+08:00,-0.023569023569023573
2025-10-20 00:00:00+08:00,0.020689655172413834
2025-10-21 00:00:00+08:00,0.0
2025-10-22 00:00:00+08:00,-0.013513513513513487
2025-10-23 00:00:00+08:00,-0.006849315068493178
2025-10-27 00:00:00+08:00,0.020689655172413834
2025-10-28 00:00:00+08:00,-0.0033783783783783994
2025-10-29 00:00:00+08:00,0.02033898305084736
2025-10-30 00:00:00+08:00,0.0
2025-10-31 00:00:00+08:00,-0.0033222591362126463
2025-11-03 00:00:00+08:00,0.006666666666666599
2025-11-04 00:00:00+08:00,-0.0033112582781457123
2025-11-05 00:00:00+08:00,-0.029900332225913595
2025-11-06 00:00:00+08:00,0.003424657534246478
2025-11-07 00:00:00+08:00,-0.0034129692832765013
2025-11-10 00:00:00+08:00,0.010273972602739656
2025-11-11 00:00:00+08:00,-0.006779661016949157
2025-11-12 00:00:00+08:00,0.006825938566553003
2025-11-13 00:00:00+08:00,-0.01016949152542368
2025-11-14 00:00:00+08:00,-0.020547945205479423
2025-11-17 00:00:00+08:00,0.010489510489510412
2025-11-18 00:00:00+08:00,-0.02768166089965396
2025-11-19 00:00:00+08:00,-0.007117437722419906
2025-11-20 00:00:00+08:00,0.043010752688172005
2025-11-21 00:00:00+08:00,-0.04810996563573888
