Date,close
2005-02-25,5.73247
2005-02-28,5.60965
2005-03-01,5.65368
2005-03-02,5.56572
2005-03-03,5.60088
2005-03-04,5.81137
2005-03-07,5.96965
2005-03-08,6.53108
2005-03-09,7.02278
2005-03-10,6.95325
2005-03-11,7.26882
2005-03-14,7.37451
2005-03-15,7.61139
2005-03-16,7.27768
2005-03-17,7.47064
2005-03-18,7.61965
2005-03-21,7.52373
2005-03-22,7.58499
2005-03-23,8.00626
2005-03-24,8.07629
2005-03-28,8.10299
2005-03-29,7.71638
2005-03-30,7.46197
2005-03-31,7.75174
2005-04-01,7.77814
2005-04-04,7.9713
2005-04-05,7.98862
2005-04-06,7.78671
2005-04-07,7.98862
2005-04-08,7.44444
2005-04-11,7.30408
2005-04-12,7.58499
2005-04-13,7.49724
2005-04-14,6.94417
2005-04-15,6.87375
2005-04-18,6.89158
2005-04-19,7.27768
2005-04-20,6.94417
2005-04-21,7.21622
2005-04-22,6.37339
2005-04-25,6.85632
2005-04-26,7.067
2005-04-27,7.00564
2005-04-28,7.05794
2005-04-29,7.067
2005-05-02,6.3207
2005-05-03,5.81137
2005-05-04,5.99585
2005-05-05,5.8816
2005-05-06,6.16261
2005-05-09,6.05752
2005-05-10,5.97843
2005-05-11,5.67988
2005-05-12,5.14446
2005-05-13,5.54819
2005-05-16,5.78517
2005-05-17,5.60965
2005-05-18,5.443
2005-05-19,5.77661
2005-05-20,5.67102
2005-05-23,5.67988
2005-05-24,5.86466
2005-05-25,6.18024
2005-05-26,6.53108
2005-05-27,6.50518
2005-05-31,6.51395
2005-06-01,6.52291
2005-06-02,6.59294
2005-06-03,6.5754
2005-06-06,6.39092
2005-06-07,7.26882
2005-06-08,7.64625
2005-06-09,7.85713
2005-06-10,7.70782
2005-06-13,8.22571
2005-06-14,8.26944
2005-06-15,8.18218
2005-06-16,8.39206
2005-06-17,8.21694
2005-06-20,7.74288
2005-06-21,7.30408
2005-06-22,7.68142
2005-06-23,7.54973
2005-06-24,8.10299
2005-06-27,7.98016
2005-06-28,8.33987
2005-06-29,8.32223
2005-06-30,7.79558
2005-07-01,8.11155
2005-07-05,8.11155
2005-07-06,7.88343
2005-07-07,8.09431
2005-07-08,8.14681
2005-07-11,8.2524
2005-07-12,8.77966
2005-07-13,8.87459
2005-07-14,8.85806
2005-07-15,8.90986
2005-07-18,9.13678
2005-07-19,7.37451
2005-07-20,7.72515
2005-07-21,7.64625
2005-07-22,8.68214
2005-07-25,8.42762
2005-07-26,8.42762
2005-07-27,8.3051
2005-07-28,8.21694
2005-07-29,8.03286
2005-08-01,8.02379
2005-08-02,8.02379
2005-08-03,7.81341
2005-08-04,7.35658
2005-08-05,7.17239
2005-08-08,6.93501
2005-08-09,7.03184
2005-08-10,6.95325
2005-08-11,6.89158
2005-08-12,6.76876
2005-08-15,6.79466
2005-08-16,6.59294
2005-08-17,6.61914
2005-08-18,6.49641
2005-08-19,6.14548
2005-08-22,6.2682
2005-08-23,6.27686
2005-08-24,6.21541
2005-08-25,6.27686
2005-08-26,6.14548
2005-08-29,6.05752
2005-08-30,6.09218
2005-08-31,7.067
2005-09-01,7.40061
2005-09-02,7.39175
2005-09-06,7.36565
2005-09-07,7.32162
2005-09-08,7.13713
2005-09-09,7.11083
2005-09-12,7.38287
2005-09-13,7.65532
2005-09-14,7.13713
2005-09-15,7.15487
2005-09-16,7.30408
2005-09-19,7.26882
2005-09-20,7.40927
2005-09-21,7.36565
2005-09-22,7.38287
2005-09-23,7.43587
2005-09-26,7.4796
2005-09-27,7.43587
2005-09-28,7.30408
2005-09-29,7.453
2005-09-30,7.453
2005-10-03,7.69895
2005-10-04,7.67255
2005-10-05,8.691
2005-10-06,8.65624
2005-10-07,8.80547
2005-10-10,8.72617
2005-10-11,8.77966
2005-10-12,8.80547
2005-10-13,9.53205
2005-10-14,9.5938
2005-10-17,9.28819
2005-10-18,9.06127
2005-10-19,9.14624
2005-10-20,9.39488
2005-10-21,9.6984
2005-10-24,10.5331
2005-10-25,10.1387
2005-10-26,9.72629
2005-10-27,11.3002
2005-10-28,11.2912
2005-10-31,11.2623
2005-11-01,10.6497
2005-11-02,11.0442
2005-11-03,11.0073
2005-11-04,11.2723
2005-11-07,11.4217
2005-11-08,12.2983
2005-11-09,12.643
2005-11-10,12.4647
2005-11-11,14.3274
2005-11-14,14.7588
2005-11-15,14.9679
2005-11-16,15.1343
2005-11-17,13.9539
2005-11-18,13.2137
2005-11-21,11.7176
2005-11-22,12.133
2005-11-23,11.852
2005-11-25,11.2813
2005-11-28,11.7634
2005-11-29,11.7364
2005-11-30,11.6828
2005-12-01,12.6858
2005-12-02,12.6779
2005-12-05,12.3979
2005-12-06,12.6091
2005-12-07,12.3521
2005-12-08,12.4916
2005-12-09,12.4557
2005-12-12,12.1509
2005-12-13,12.3611
2005-12-14,11.9228
2005-12-15,12.7973
2005-12-16,12.9488
2005-12-19,13.1689
2005-12-20,12.6779
2005-12-21,12.5015
2005-12-22,12.7436
2005-12-23,12.5115
2005-12-27,12.3979
2005-12-28,12.3521
2005-12-29,12.4398
2005-12-30,13.1609
2006-01-03,13.2377
2006-01-04,13.2377
2006-01-05,13.3243
2006-01-06,13.2915
2006-01-09,13.1869
2006-01-10,13.2038
2006-01-11,13.922
2006-01-12,14.432
2006-01-13,14.0446
2006-01-17,14.0446
2006-01-18,14.0446
2006-01-19,15.0108
2006-01-20,14.6163
2006-01-23,14.5446
2006-01-24,15.3645
2006-01-25,15.3645
2006-01-26,15.476
2006-01-27,15.3903
2006-01-30,15.0287
2006-01-31,15.1513
2006-02-01,15.2669
2006-02-02,15.6882
2006-02-03,15.977
2006-02-06,15.995
2006-02-07,15.9014
2006-02-08,16.1424
2006-02-09,17.1983
2006-02-10,16.9692
2006-02-13,16.6345
2006-02-14,15.4999
2006-02-15,16.4174
2006-02-16,16.497
2006-02-17,15.8924
2006-02-21,15.8725
2006-02-22,15.8107
2006-02-23,15.7579
2006-02-24,15.8187
2006-02-27,15.74
2006-02-28,14.9679
2006-03-01,14.7419
2006-03-02,14.8185
2006-03-03,14.7837
2006-03-06,15.1343
2006-03-07,15.1253
2006-03-08,15.1075
2006-03-09,14.8375
2006-03-10,13.6949
2006-03-13,13.7477
2006-03-14,12.7973
2006-03-15,12.6938
2006-03-16,12.6181
2006-03-17,12.379
2006-03-20,12.4647
2006-03-21,12.4318
2006-03-22,12.4059
2006-03-23,12.5274
2006-03-24,12.6181
2006-03-27,13.0623
2006-03-28,13.8264
2006-03-29,15.2141
2006-03-30,16.5818
2006-03-31,16.3646
2006-04-03,16.6166
2006-04-04,16.5996
2006-04-05,16.522
2006-04-06,17.0897
2006-04-07,16.6952
2006-04-10,15.977
2006-04-11,15.6274
2006-04-12,16.0637
2006-04-13,15.2917
2006-04-17,15.1253
2006-04-18,15.9442
2006-04-19,15.8545
2006-04-20,16.258
2006-04-21,16.1334
2006-04-24,16.2142
2006-04-25,16.241
2006-04-26,16.4174
2006-04-27,16.1514
2006-04-28,16.0368
2006-05-01,15.2051
2006-05-02,16.5996
2006-05-03,16.8756
2006-05-04,16.241
2006-05-05,16.241
2006-05-08,15.3285
2006-05-09,14.9062
2006-05-10,15.2409
2006-05-11,15.1961
2006-05-12,15.0985
2006-05-15,14.4938
2006-05-16,14.7329
2006-05-17,14.171
2006-05-18,14.0904
2006-05-19,14.3504
2006-05-22,14.2508
2006-05-23,14.2508
2006-05-24,14.206
2006-05-25,14.196
2006-05-26,13.685
2006-05-30,13.1689
2006-05-31,12.8611
2006-06-01,13.4608
2006-06-02,13.3702
2006-06-05,12.8511
2006-06-06,12.6091
2006-06-07,12.2445
2006-06-08,11.5632
2006-06-09,11.4128
2006-06-12,10.7195
2006-06-13,10.9286
2006-06-14,11.0701
2006-06-15,11.7086
2006-06-16,10.9894
2006-06-19,10.7294
2006-06-20,10.7115
2006-06-21,10.6747
2006-06-22,10.3071
2006-06-23,10.3777
2006-06-26,10.1138
2006-06-27,9.65556
2006-06-28,9.85978
2006-06-29,10.0779
2006-06-30,10.3857
2006-07-03,10.3957
2006-07-05,9.75419
2006-07-06,9.73625
2006-07-07,9.45544
2006-07-10,8.77
2006-07-11,8.78793
2006-07-12,8.56819
2006-07-13,8.77966
2006-07-14,8.691
2006-07-17,8.79719
2006-07-18,8.2787
2006-07-19,9.52209
2006-07-20,8.84103
2006-07-21,8.48889
2006-07-24,8.7173
2006-07-25,8.50682
2006-07-26,8.39206
2006-07-27,8.384
2006-07-28,8.32223
2006-07-31,8.3051
2006-08-01,8.15578
2006-08-02,8.31337
2006-08-03,8.33987
2006-08-04,7.77814
2006-08-07,7.76918
2006-08-08,7.5055
2006-08-09,7.33048
2006-08-10,7.26016
2006-08-11,7.13713
2006-08-14,7.26016
2006-08-15,7.70782
2006-08-16,8.04152
2006-08-17,8.37513
2006-08-18,8.15578
2006-08-21,7.71638
2006-08-22,7.98016
2006-08-23,7.76918
2006-08-24,7.85713
2006-08-25,7.95336
2006-08-28,7.69019
2006-08-29,8.45412
2006-08-30,8.09431
2006-08-31,7.95336
2006-09-01,7.9975
2006-09-05,8.18218
2006-09-06,7.98016
2006-09-07,8.31337
2006-09-08,8.19064
2006-09-11,8.19922
2006-09-12,8.384
2006-09-13,8.46259
2006-09-14,8.49805
2006-09-15,8.77
2006-09-18,8.7173
2006-09-19,8.54149
2006-09-20,8.57695
2006-09-21,8.19922
2006-09-22,8.61231
2006-09-25,8.80547
2006-09-26,8.65624
2006-09-27,8.83285
2006-09-28,8.65624
2006-09-29,8.3051
2006-10-02,8.07629
2006-10-03,8.33987
2006-10-04,8.6646
2006-10-05,8.86652
2006-10-06,8.73523
2006-10-09,9.00758
2006-10-10,9.35264
2006-10-11,9.6197
2006-10-12,10.8878
2006-10-13,11.3261
2006-10-16,11.1478
2006-10-17,10.8689
2006-10-18,10.6139
2006-10-19,11.0073
2006-10-20,10.6577
2006-10-23,10.5769
2006-10-24,10.3609
2006-10-25,10.1745
2006-10-26,10.4037
2006-10-27,10.2453
2006-10-30,10.4963
2006-10-31,8.81453
2006-11-01,8.67338
2006-11-02,8.62944
2006-11-03,8.76093
2006-11-06,8.76093
2006-11-07,8.75247
2006-11-08,8.90119
2006-11-09,9.04285
2006-11-10,9.12821
2006-11-13,9.24297
2006-11-14,9.56791
2006-11-15,9.31678
2006-11-16,9.4653
2006-11-17,9.39488
2006-11-20,9.58384
2006-11-21,9.54101
2006-11-22,9.4653
2006-11-24,9.43751
2006-11-27,9.04285
2006-11-28,9.04285
2006-11-29,9.26149
2006-11-30,9.35264
2006-12-01,9.37814
2006-12-04,9.72629
2006-12-05,9.93747
2006-12-06,9.85978
2006-12-07,9.6715
2006-12-08,9.80897
2006-12-11,9.73625
2006-12-12,9.65556
2006-12-13,9.56791
2006-12-14,9.8777
2006-12-15,9.65556
2006-12-18,9.85978
2006-12-19,9.81794
2006-12-20,9.68047
2006-12-21,9.8777
2006-12-22,9.74521
2006-12-26,9.81794
2006-12-27,9.6984
2006-12-28,9.65556
2006-12-29,9.75419
2007-01-03,9.79204
2007-01-04,9.801
2007-01-05,9.66354
2007-01-08,10.0411
2007-01-09,10.2543
2007-01-10,10.3857
2007-01-11,10.2721
2007-01-12,10.3071
2007-01-16,10.6747
2007-01-17,10.5959
2007-01-18,10.316
2007-01-19,10.5869
2007-01-22,10.5331
2007-01-23,10.5591
2007-01-24,10.8171
2007-01-25,10.5681
2007-01-26,10.9207
2007-01-29,10.9715
2007-01-30,10.8689
2007-01-31,10.8081
2007-02-01,11.366
2007-02-02,11.333
2007-02-05,11.597
2007-02-06,11.588
2007-02-07,11.3759
2007-02-08,11.1308
2007-02-09,11.08
2007-02-12,11.0611
2007-02-13,11.9566
2007-02-14,12.0872
2007-02-15,12.0532
2007-02-16,12.0374
2007-02-20,12.1768
2007-02-21,11.9995
2007-02-22,12.2007
2007-02-23,11.852
2007-02-26,11.6578
2007-02-27,11.4038
2007-02-28,11.1398
2007-03-01,11.3759
2007-03-02,11.4038
2007-03-05,11.097
2007-03-06,11.2813
2007-03-07,11.2912
2007-03-08,11.2623
2007-03-09,11.4646
2007-03-12,11.8978
2007-03-13,11.5722
2007-03-14,11.7176
2007-03-15,11.5104
2007-03-16,11.6996
2007-03-19,11.852
2007-03-20,11.7176
2007-03-21,11.6996
2007-03-22,11.6828
2007-03-23,11.5273
2007-03-26,11.6329
2007-03-27,11.5014
2007-03-28,11.4217
2007-03-29,11.4745
2007-03-30,11.3261
2007-04-02,11.3261
2007-04-03,11.2723
2007-04-04,11.3848
2007-04-05,11.4466
2007-04-09,11.5014
2007-04-10,11.7176
2007-04-11,11.1747
2007-04-12,11.34
2007-04-13,11.4376
2007-04-16,11.7634
2007-04-17,11.4128
2007-04-18,11.3082
2007-04-19,11.3181
2007-04-20,11.1836
2007-04-23,11.588
2007-04-24,11.6996
2007-04-25,11.8162
2007-04-26,11.333
2007-04-27,12.3611
2007-04-30,11.9736
2007-05-01,11.9566
2007-05-02,12.0692
2007-05-03,12.116
2007-05-04,12.2904
2007-05-07,12.5912
2007-05-08,12.379
2007-05-09,12.4398
2007-05-10,12.0084
2007-05-11,12.2625
2007-05-14,12.2176
2007-05-15,12.5364
2007-05-16,14.5894
2007-05-17,14.9062
2007-05-18,15.5288
2007-05-21,15.5367
2007-05-22,15.4929
2007-05-23,15.3385
2007-05-24,14.9003
2007-05-25,14.7329
2007-05-29,14.9679
2007-05-30,14.7927
2007-05-31,14.8564
2007-06-01,15.3197
2007-06-04,14.9231
2007-06-05,15.0287
2007-06-06,14.7837
2007-06-07,14.4938
2007-06-08,14.9401
2007-06-11,15.0377
2007-06-12,14.6771
2007-06-13,15.1433
2007-06-14,15.1164
2007-06-15,14.958
2007-06-18,15.2669
2007-06-19,15.2837
2007-06-20,14.8285
2007-06-21,15.1781
2007-06-22,14.9331
2007-06-25,14.9679
2007-06-26,14.9869
2007-06-27,15.6105
2007-06-28,15.5457
2007-06-29,15.3197
2007-07-02,15.5925
2007-07-03,15.6533
2007-07-05,15.4849
2007-07-06,15.5557
2007-07-09,15.4849
2007-07-10,16.0099
2007-07-11,16.0368
2007-07-12,16.2958
2007-07-13,16.2052
2007-07-16,16.003
2007-07-17,15.977
2007-07-18,15.7758
2007-07-19,15.8725
2007-07-20,15.6533
2007-07-23,15.6364
2007-07-24,15.3385
2007-07-25,14.9501
2007-07-26,14.4938
2007-07-27,14.0446
2007-07-30,14.4062
2007-07-31,14.6771
2007-08-01,15.7858
2007-08-02,16.6594
2007-08-03,16.4802
2007-08-06,16.3316
2007-08-07,16.3316
2007-08-08,16.4174
2007-08-09,15.6971
2007-08-10,15.986
2007-08-13,16.3316
2007-08-14,16.2958
2007-08-15,16.487
2007-08-16,16.497
2007-08-17,16.6594
2007-08-20,17.1983
2007-08-21,17.3547
2007-08-22,17.5071
2007-08-23,17.3975
2007-08-24,17.6615
2007-08-27,17.6535
2007-08-28,17.6087
2007-08-29,17.8547
2007-08-30,17.8917
2007-08-31,17.9803
2007-09-04,18.1118
2007-09-05,18.3369
2007-09-06,18.4176
2007-09-07,18.1656
2007-09-10,18.6368
2007-09-11,19.2593
2007-09-12,19.0422
2007-09-13,18.2652
2007-09-14,17.7841
2007-09-17,17.9534
2007-09-18,19.104
2007-09-19,19.4187
2007-09-20,22.3423
2007-09-21,21.9997
2007-09-24,21.9479
2007-09-25,22.0425
2007-09-26,21.8613
2007-09-27,22.4819
2007-09-28,22.2965
2007-10-01,22.0505
2007-10-02,22.7817
2007-10-03,22.7976
2007-10-04,20.5185
2007-10-05,21.156
2007-10-08,20.5772
2007-10-09,20.6918
2007-10-10,20.631
2007-10-11,20.0613
2007-10-12,20.368
2007-10-15,20.1927
2007-10-16,20.9548
2007-10-17,21.14
2007-10-18,21.402
2007-10-19,20.1559
2007-10-22,20.3491
2007-10-23,20.5414
2007-10-24,20.122
2007-10-25,19.5403
2007-10-26,19.8581
2007-10-29,20.5185
2007-10-30,20.2873
2007-10-31,19.2504
2007-11-01,19.2593
2007-11-02,18.9794
2007-11-05,19.4785
2007-11-06,18.9286
2007-11-07,18.2343
2007-11-08,17.5869
2007-11-09,17.3975
2007-11-12,17.1615
2007-11-13,17.3806
2007-11-14,17.3388
2007-11-15,17.1176
2007-11-16,17.3029
2007-11-19,16.8108
2007-11-20,16.3218
2007-11-21,16.1086
2007-11-23,16.1334
2007-11-26,16.2052
2007-11-27,16.4802
2007-11-28,17.2163
2007-11-29,17.4265
2007-11-30,16.751
2007-12-03,16.4432
2007-12-04,16.2858
2007-12-05,17.0718
2007-12-06,18.6108
2007-12-07,18.592
2007-12-10,18.7324
2007-12-11,19.4625
2007-12-12,19.8062
2007-12-13,19.0581
2007-12-14,18.1566
2007-12-17,17.2411
2007-12-18,17.3547
2007-12-19,18.8918
2007-12-20,19.0232
2007-12-21,19.6219
2007-12-24,19.4865
2007-12-26,19.3918
2007-12-27,18.6816
2007-12-28,18.7414
2007-12-31,18.849
2008-01-02,18.7692
2008-01-03,18.2572
2008-01-04,17.7601
2008-01-07,16.1862
2008-01-08,15.1871
2008-01-09,14.9231
2008-01-10,14.7229
2008-01-11,14.3434
2008-01-14,14.9501
2008-01-15,14.6851
2008-01-16,14.4848
2008-01-17,14.0814
2008-01-18,14.2746
2008-01-22,14.0096
2008-01-23,14.0446
2008-01-24,14.3434
2008-01-25,14.0096
2008-01-28,14.4679
2008-01-29,13.922
2008-01-30,13.939
2008-01-31,13.7318
2008-02-01,13.4509
2008-02-04,13.5883
2008-02-05,13.6072
2008-02-06,13.4847
2008-02-07,13.685
2008-02-08,13.6949
2008-02-11,14.5197
2008-02-12,14.1452
2008-02-13,14.9679
2008-02-14,14.6851
2008-02-15,14.6681
2008-02-19,14.4161
2008-02-20,14.206
2008-02-21,13.7935
2008-02-22,13.6152
2008-02-25,13.909
2008-02-26,14.3434
2008-02-27,14.9401
2008-02-28,14.6074
2008-02-29,14.6074
2008-03-03,14.4769
2008-03-04,14.5446
2008-03-05,14.7667
2008-03-06,14.164
2008-03-07,14.3972
2008-03-10,14.3175
2008-03-11,14.6592
2008-03-12,14.8475
2008-03-13,14.5626
2008-03-14,14.2746
2008-03-17,14.3434
2008-03-18,15.6364
2008-03-19,15.8107
2008-03-20,15.6195
2008-03-24,15.9352
2008-03-25,15.8456
2008-03-26,15.8545
2008-03-27,15.5189
2008-03-28,15.4163
2008-03-31,15.476
2008-04-01,15.9352
2008-04-02,16.3048
2008-04-03,16.8925
2008-04-04,17.3219
2008-04-07,17.6087
2008-04-08,17.9982
2008-04-09,17.9982
2008-04-10,18.3369
2008-04-11,17.7761
2008-04-14,18.0321
2008-04-15,18.049
2008-04-16,18.8738
2008-04-17,18.2482
2008-04-18,19.0152
2008-04-21,18.6636
2008-04-22,18.4086
2008-04-23,18.4176
2008-04-24,18.6556
2008-04-25,18.6458
2008-04-28,18.2403
2008-04-29,18.6278
2008-04-30,20.1041
2008-05-01,20.874
2008-05-02,20.9816
2008-05-05,20.903
2008-05-06,21.0006
2008-05-07,20.4119
2008-05-08,20.1927
2008-05-09,20.2157
2008-05-12,21.0434
2008-05-13,21.9818
2008-05-14,22.1013
2008-05-15,22.0933
2008-05-16,21.9897
2008-05-19,21.5624
2008-05-20,21.2815
2008-05-21,21.3004
2008-05-22,20.2325
2008-05-23,20.2684
2008-05-27,20.1927
2008-05-28,20.2784
2008-05-29,20.7536
2008-05-30,21.2726
2008-06-02,21.657
2008-06-03,21.4718
2008-06-04,21.2815
2008-06-05,23.5438
2008-06-06,22.6492
2008-06-09,21.4718
2008-06-10,21.5345
2008-06-11,20.5693
2008-06-12,20.5095
2008-06-13,21.3712
2008-06-16,22.6861
2008-06-17,21.8363
2008-06-18,21.4897
2008-06-19,22.3703
2008-06-20,21.6301
2008-06-23,20.4457
2008-06-24,19.6568
2008-06-25,19.9427
2008-06-26,18.9366
2008-06-27,18.8818
2008-06-30,18.9794
2008-07-01,20.0951
2008-07-02,20.3133
2008-07-03,20.0951
2008-07-07,20.5234
2008-07-08,21.6052
2008-07-09,20.6679
2008-07-10,20.9548
2008-07-11,20.122
2008-07-14,20.3491
2008-07-15,20.0164
2008-07-16,21.0704
2008-07-17,21.2158
2008-07-18,21.2436
2008-07-21,21.0086
2008-07-22,19.8311
2008-07-23,20.1847
2008-07-24,19.9517
2008-07-25,19.7793
2008-07-28,19.085
2008-07-29,19.7275
2008-07-30,19.5761
2008-07-31,19.094
2008-08-01,20.8054
2008-08-04,22.0685
2008-08-05,21.8692
2008-08-06,22.3155
2008-08-07,22.8335
2008-08-08,22.6761
2008-08-11,24.502
2008-08-12,24.2709
2008-08-13,22.7468
2008-08-14,23.3066
2008-08-15,21.8363
2008-08-18,21.1042
2008-08-19,20.0164
2008-08-20,20.1489
2008-08-21,20.1847
2008-08-22,20.4457
2008-08-25,20.6679
2008-08-26,20.6041
2008-08-27,20.5852
2008-08-28,21.4618
2008-08-29,21.3522
2008-09-02,22.0834
2008-09-03,20.911
2008-09-04,18.8658
2008-09-05,18.559
2008-09-08,19.4785
2008-09-09,17.9803
2008-09-10,18.1656
2008-09-11,17.6357
2008-09-12,17.5789
2008-09-15,16.241
2008-09-16,15.986
2008-09-17,16.0458
2008-09-18,16.3994
2008-09-19,16.751
2008-09-22,16.4802
2008-09-23,16.6166
2008-09-24,16.9981
2008-09-25,17.1336
2008-09-26,16.2958
2008-09-29,14.0904
2008-09-30,15.2489
2008-10-01,14.7837
2008-10-02,13.8543
2008-10-03,13.6232
2008-10-06,12.8511
2008-10-07,11.6738
2008-10-08,12.2445
2008-10-09,11.9995
2008-10-10,11.5791
2008-10-13,13.3243
2008-10-14,14.4679
2008-10-15,12.7347
2008-10-16,13.8912
2008-10-17,13.5883
2008-10-20,13.153
2008-10-21,12.3979
2008-10-22,11.4217
2008-10-23,11.6508
2008-10-24,12.6699
2008-10-27,12.37
2008-10-28,13.8184
2008-10-29,14.0346
2008-10-30,14.6163
2008-10-31,14.9142
2008-11-03,14.0446
2008-11-04,14.8475
2008-11-05,13.7646
2008-11-06,12.389
2008-11-07,12.8333
2008-11-10,11.9078
2008-11-11,11.616
2008-11-12,11.0073
2008-11-13,10.6497
2008-11-14,9.88766
2008-11-17,9.28819
2008-11-18,8.83285
2008-11-19,8.55951
2008-11-20,7.67255
2008-11-21,7.26882
2008-11-24,7.8922
2008-11-25,7.85713
2008-11-26,8.61231
2008-11-28,8.40123
2008-12-01,7.46197
2008-12-02,7.66379
2008-12-03,7.67255
2008-12-04,7.26016
2008-12-05,6.79466
2008-12-08,7.9185
2008-12-09,8.37513
2008-12-10,8.33111
2008-12-11,8.39206
2008-12-12,8.96166
2008-12-15,9.1045
2008-12-16,10.3239
2008-12-17,11.349
2008-12-18,10.6577
2008-12-19,10.9137
2008-12-22,10.4734
2008-12-23,10.3957
2008-12-24,10.2543
2008-12-26,10.3857
2008-12-29,10.2543
2008-12-30,10.5242
2008-12-31,11.0701
2009-01-02,11.5273
2009-01-05,11.881
2009-01-06,12.2445
2009-01-07,11.4217
2009-01-08,11.1059
2009-01-09,10.8689
2009-01-12,10.4455
2009-01-13,10.1387
2009-01-14,9.49519
2009-01-15,10.2901
2009-01-16,10.6049
2009-01-20,9.86874
2009-01-21,10.0152
2009-01-22,9.90261
2009-01-23,10.3777
2009-01-26,10.9446
2009-01-27,11.349
2009-01-28,11.862
2009-01-29,11.2364
2009-01-30,10.6667
2009-02-02,10.5153
2009-02-03,10.9715
2009-02-04,11.4646
2009-02-05,11.8978
2009-02-06,12.3421
2009-02-09,12.2535
2009-02-10,11.5722
2009-02-11,11.2623
2009-02-12,11.349
2009-02-13,12.2445
2009-02-17,11.5104
2009-02-18,11.2912
2009-02-19,11.1149
2009-02-20,10.8779
2009-02-23,10.5421
2009-02-24,11.1577
2009-02-25,11.1229
2009-02-26,10.8779
2009-02-27,11.366
2009-03-02,11.0263
2009-03-03,9.9295
2009-03-04,10.2721
2009-03-05,10.5331
2009-03-06,11.333
2009-03-09,11.4128
2009-03-10,12.6181
2009-03-11,12.9837
2009-03-12,13.5007
2009-03-13,13.3503
2009-03-16,13.0375
2009-03-17,13.3243
2009-03-18,14.3972
2009-03-19,14.0994
2009-03-20,13.4319
2009-03-23,14.5795
2009-03-24,13.5983
2009-03-25,13.3243
2009-03-26,14.2418
2009-03-27,13.8632
2009-03-30,13.2815
2009-03-31,13.6072
2009-04-01,13.8812
2009-04-02,15.1075
2009-04-03,15.0626
2009-04-06,14.8185
2009-04-07,14.3504
2009-04-08,14.3175
2009-04-09,15.6195
2009-04-13,14.8654
2009-04-14,14.3782
2009-04-15,14.0346
2009-04-16,14.5446
2009-04-17,14.695
2009-04-20,14.6681
2009-04-21,15.5736
2009-04-22,15.7758
2009-04-23,15.3285
2009-04-24,15.8635
2009-04-27,15.5557
2009-04-28,15.8187
2009-04-29,16.2052
2009-04-30,16.241
2009-05-01,15.9522
2009-05-04,16.751
2009-05-05,16.505
2009-05-06,16.505
2009-05-07,15.3903
2009-05-08,15.0108
2009-05-11,14.7757
2009-05-12,14.8743
2009-05-13,14.695
2009-05-14,15.7679
2009-05-15,16.3726
2009-05-18,17.1246
2009-05-19,17.6267
2009-05-20,17.3029
2009-05-21,16.8108
2009-05-22,16.9692
2009-05-26,17.7501
2009-05-27,17.8389
2009-05-28,17.6535
2009-05-29,18.1815
2009-06-01,18.7612
2009-06-02,17.5869
2009-06-03,17.023
2009-06-04,17.9085
2009-06-05,17.6455
2009-06-08,17.5429
2009-06-09,18.9605
2009-06-10,19.2504
2009-06-11,19.9795
2009-06-12,19.6219
2009-06-15,19.4625
2009-06-16,19.1746
2009-06-17,19.2235
2009-06-18,19.1398
2009-06-19,19.3749
2009-06-22,18.4176
2009-06-23,18.059
2009-06-24,18.4346
2009-06-25,18.9704
2009-06-26,20.1847
2009-06-29,20.0253
2009-06-30,19.6737
2009-07-01,19.8221
2009-07-02,19.3669
2009-07-06,19.5403
2009-07-07,19.4705
2009-07-08,19.6219
2009-07-09,20.0871
2009-07-10,20.639
2009-07-13,20.8572
2009-07-14,20.7167
2009-07-15,20.8312
2009-07-16,20.7336
2009-07-17,20.9648
2009-07-20,20.6141
2009-07-21,20.4457
2009-07-22,21.0614
2009-07-23,21.2248
2009-07-24,20.9906
2009-07-27,20.7336
2009-07-28,20.1489
2009-07-29,20.5095
2009-07-30,20.884
2009-07-31,19.4785
2009-08-03,20.2505
2009-08-04,20.4039
2009-08-05,19.9895
2009-08-06,19.0232
2009-08-07,19.0332
2009-08-10,18.9794
2009-08-11,18.7612
2009-08-12,19.1916
2009-08-13,19.9167
2009-08-14,20.1131
2009-08-17,19.7544
2009-08-18,20.0075
2009-08-19,20.5772
2009-08-20,20.4637
2009-08-21,20.6748
2009-08-24,20.4378
2009-08-25,20.2067
2009-08-26,20.5005
2009-08-27,19.7883
2009-08-28,19.7623
2009-08-31,19.7793
2009-09-01,19.1986
2009-09-02,19.5133
2009-09-03,19.9427
2009-09-04,20.2236
2009-09-08,20.6579
2009-09-09,20.6141
2009-09-10,20.8651
2009-09-11,20.8572
2009-09-14,20.4637
2009-09-15,20.368
2009-09-16,21.1988
2009-09-17,20.884
2009-09-18,21.9479
2009-09-21,21.6052
2009-09-22,21.6122
2009-09-23,21.3712
2009-09-24,20.5952
2009-09-25,20.1489
2009-09-28,21.2158
2009-09-29,20.8572
2009-09-30,20.5852
2009-10-01,18.831
2009-10-02,18.5092
2009-10-05,18.4445
2009-10-06,18.9286
2009-10-07,19.2872
2009-10-08,18.7154
2009-10-09,19.0232
2009-10-12,18.6976
2009-10-13,18.7513
2009-10-14,19.5133
2009-10-15,19.5592
2009-10-16,19.2414
2009-10-19,19.4526
2009-10-20,19.4705
2009-10-21,18.8588
2009-10-22,19.3141
2009-10-23,18.1994
2009-10-26,17.8299
2009-10-27,17.8109
2009-10-28,17.1615
2009-10-29,17.7333
2009-10-30,17.5529
2009-11-02,17.1077
2009-11-03,17.3388
2009-11-04,16.8288
2009-11-05,17.023
2009-11-06,16.9881
2009-11-09,17.5709
2009-11-10,17.5261
2009-11-11,18.0859
2009-11-12,17.5619
2009-11-13,18.0231
2009-11-16,19.8929
2009-11-17,19.6568
2009-11-18,19.7096
2009-11-19,19.094
2009-11-20,19.104
2009-11-23,19.8221
2009-11-24,19.4625
2009-11-25,19.5951
2009-11-27,19.1228
2009-11-30,18.8738
2009-12-01,20.2325
2009-12-02,20.9458
2009-12-03,20.893
2009-12-04,21.156
2009-12-07,21.2248
2009-12-08,20.9288
2009-12-09,20.8232
2009-12-10,20.3401
2009-12-11,20.1559
2009-12-14,20.9368
2009-12-15,20.874
2009-12-16,21.0354
2009-12-17,20.8232
2009-12-18,20.911
2009-12-21,21.418
2009-12-22,21.657
2009-12-23,21.6052
2009-12-24,21.4438
2009-12-28,21.174
2009-12-29,21.2158
2009-12-30,21.3432
2009-12-31,21.0434
2010-01-04,21.0704
2010-01-05,20.9816
2010-01-06,20.2784
2010-01-07,19.9705
2010-01-08,20.1987
2010-01-11,19.9895
2010-01-12,19.3669
2010-01-13,19.332
2010-01-14,19.5213
2010-01-15,19.1308
2010-01-19,19.4187
2010-01-20,19.3231
2010-01-21,19.3141
2010-01-22,18.812
2010-01-25,18.84
2010-01-26,18.566
2010-01-27,19.0152
2010-01-28,18.3469
2010-01-29,18.1028
2010-02-01,18.4445
2010-02-02,18.8738
2010-02-03,17.4423
2010-02-04,16.6594
2010-02-05,17.0648
2010-02-08,17.1336
2010-02-09,17.7333
2010-02-10,17.9883
2010-02-11,18.6556
2010-02-12,18.8738
2010-02-16,19.0152
2010-02-17,18.9008
2010-02-18,18.9794
2010-02-19,18.6018
2010-02-22,18.3837
2010-02-23,18.0391
2010-02-24,18.2841
2010-02-25,18.1994
2010-02-26,17.8299
2010-03-01,18.303
2010-03-02,18.575
2010-03-03,18.3648
2010-03-04,18.3837
2010-03-05,18.303
2010-03-08,18.6018
2010-03-09,18.311
2010-03-10,18.3558
2010-03-11,18.1476
2010-03-12,17.8737
2010-03-15,17.9883
2010-03-16,18.303
2010-03-17,18.9286
2010-03-18,19.0422
2010-03-19,18.821
2010-03-22,19.7713
2010-03-23,20.2505
2010-03-24,19.9089
2010-03-25,20.1041
2010-03-26,19.3918
2010-03-29,19.2135
2010-03-30,19.6409
2010-03-31,19.5761
2010-04-01,19.8929
2010-04-05,20.0433
2010-04-06,19.9985
2010-04-07,20.0343
2010-04-08,20.0253
2010-04-09,20.1131
2010-04-12,20.3491
2010-04-13,20.7794
2010-04-14,21.7258
2010-04-15,21.5534
2010-04-16,21.2536
2010-04-19,21.164
2010-04-20,21.394
2010-04-21,21.41
2010-04-22,21.6052
2010-04-23,21.673
2010-04-26,21.5883
2010-04-27,21.2248
2010-04-28,21.3801
2010-04-29,21.8692
2010-04-30,21.6381
2010-05-03,21.1988
2010-05-04,20.1041
2010-05-05,19.8311
2010-05-06,19.1488
2010-05-07,18.1118
2010-05-10,19.3052
2010-05-11,18.9456
2010-05-12,18.6976
2010-05-13,18.2652
2010-05-14,18.0052
2010-05-17,17.7243
2010-05-18,17.1883
2010-05-19,17.5869
2010-05-20,16.9622
2010-05-21,17.6267
2010-05-24,17.0648
2010-05-25,16.9981
2010-05-26,17.0897
2010-05-27,17.5331
2010-05-28,16.8487
2010-06-01,16.5398
2010-06-02,16.9443
2010-06-03,17.3219
2010-06-04,16.6086
2010-06-07,15.7858
2010-06-08,15.4163
2010-06-09,15.7579
2010-06-10,16.1086
2010-06-11,16.2958
2010-06-14,16.3396
2010-06-15,17.3895
2010-06-16,17.9613
2010-06-17,18.2841
2010-06-18,17.8817
2010-06-21,17.4793
2010-06-22,16.6694
2010-06-23,16.4352
2010-06-24,15.9272
2010-06-25,16.1255
2010-06-28,16.1424
2010-06-29,15.74
2010-06-30,15.6782
2010-07-01,15.5288
2010-07-02,15.4232
2010-07-06,15.2409
2010-07-07,15.9014
2010-07-08,16.0189
2010-07-09,16.1424
2010-07-12,16.4802
2010-07-13,16.8846
2010-07-14,16.7052
2010-07-15,16.6774
2010-07-16,16.258
2010-07-19,16.7052
2010-07-20,16.267
2010-07-21,16.0099
2010-07-22,16.3128
2010-07-23,16.3218
2010-07-26,17.031
2010-07-27,17.287
2010-07-28,16.8288
2010-07-29,16.003
2010-07-30,15.4671
2010-08-02,15.0805
2010-08-03,14.958
2010-08-04,15.1343
2010-08-05,15.4481
2010-08-06,15.7579
2010-08-09,16.1334
2010-08-10,15.7758
2010-08-11,15.0108
2010-08-12,15.1603
2010-08-13,15.0626
2010-08-16,15.0287
2010-08-17,15.2051
2010-08-18,15.0985
2010-08-19,14.9331
2010-08-20,15.3197
2010-08-23,15.0547
2010-08-24,14.8823
2010-08-25,15.4083
2010-08-26,15.1253
2010-08-27,15.5288
2010-08-30,15.3197
2010-08-31,14.4062
2010-09-01,14.7419
2010-09-02,15.2409
2010-09-03,15.2141
2010-09-07,14.5028
2010-09-08,14.441
2010-09-09,14.8285
2010-09-10,14.2508
2010-09-13,15.0108
2010-09-14,15.4163
2010-09-15,15.3107
2010-09-16,14.8285
2010-09-17,14.6851
2010-09-20,14.6412
2010-09-21,14.432
2010-09-22,13.7836
2010-09-23,13.8812
2010-09-24,14.3604
2010-09-27,14.2746
2010-09-28,14.7508
2010-09-29,14.441
2010-09-30,14.3364
2010-10-01,14.18
2010-10-04,14.206
2010-10-05,14.2836
2010-10-06,13.9718
2010-10-07,14.1262
2010-10-08,14.3096
2010-10-11,14.4062
2010-10-12,14.8006
2010-10-13,14.5795
2010-10-14,14.1162
2010-10-15,14.164
2010-10-18,14.1452
2010-10-19,13.7935
2010-10-20,13.3602
2010-10-21,13.2467
2010-10-22,13.2556
2010-10-25,13.9638
2010-10-26,14.1162
2010-10-27,14.206
2010-10-28,13.8912
2010-10-29,14.1084
2010-11-01,14.1452
2010-11-02,14.5028
2010-11-03,14.7927
2010-11-04,13.5196
2010-11-05,13.5804
2010-11-08,13.2915
2010-11-09,13.667
2010-11-10,14.3364
2010-11-11,14.0276
2010-11-12,14.0536
2010-11-15,14.2228
2010-11-16,13.685
2010-11-17,13.8364
2010-11-18,14.171
2010-11-19,13.9001
2010-11-22,13.9998
2010-11-23,14.3096
2010-11-24,14.5197
2010-11-26,14.5626
2010-11-29,14.5098
2010-11-30,14.164
2010-12-01,14.4938
2010-12-02,14.9331
2010-12-03,15.3017
2010-12-06,15.1781
2010-12-07,16.0268
2010-12-08,15.5826
2010-12-09,15.3107
2010-12-10,15.0547
2010-12-13,14.9331
2010-12-14,14.7508
2010-12-15,14.3096
2010-12-16,14.5626
2010-12-17,14.3782
2010-12-20,14.18
2010-12-21,14.196
2010-12-22,14.1452
2010-12-23,14.2508
2010-12-27,14.2746
2010-12-28,14.432
2010-12-29,14.5795
2010-12-30,14.3972
2010-12-31,14.5028
2011-01-03,14.8285
2011-01-04,13.8454
2011-01-05,13.931
2011-01-06,14.1452
2011-01-07,14.0994
2011-01-10,14.0186
2011-01-11,14.0096
2011-01-12,14.0724
2011-01-13,13.9718
2011-01-14,14.0276
2011-01-18,13.915
2011-01-19,13.677
2011-01-20,13.4319
2011-01-21,13.2556
2011-01-24,13.4249
2011-01-25,13.1779
2011-01-26,13.2377
2011-01-27,13.1779
2011-01-28,12.8611
2011-01-31,12.8761
2011-02-01,13.1351
2011-02-02,12.9837
2011-02-03,13.0006
2011-02-04,13.7318
2011-02-07,13.8454
2011-02-08,13.7746
2011-02-09,13.7039
2011-02-10,13.8732
2011-02-11,13.9638
2011-02-14,13.909
2011-02-15,13.5644
2011-02-16,13.7228
2011-02-18,14.2588
2011-02-22,13.7566
2011-02-23,13.0813
2011-02-24,13.0006
2011-02-25,13.5276
2011-02-28,13.5644
2011-03-01,13.1869
2011-03-02,13.2038
2011-03-03,13.4419
2011-03-04,13.2556
2011-03-07,12.635
2011-03-08,12.7107
2011-03-09,12.1848
2011-03-10,12.0374
2011-03-11,12.1937
2011-03-14,12.116
2011-03-15,11.7634
2011-03-16,11.6408
2011-03-17,11.5273
2011-03-18,11.6828
2011-03-21,11.7634
2011-03-22,11.5791
2011-03-23,12.1509
2011-03-24,12.3521
2011-03-25,12.2983
2011-03-28,12.3421
2011-03-29,12.4916
2011-03-30,12.5723
2011-03-31,12.4557
2011-04-01,12.2724
2011-04-04,11.9636
2011-04-05,12.7107
2011-04-06,12.7885
2011-04-07,13.0105
2011-04-08,12.8413
2011-04-11,12.8163
2011-04-12,12.5553
2011-04-13,12.4916
2011-04-14,12.5274
2011-04-15,12.4916
2011-04-18,12.3979
2011-04-19,12.7436
2011-04-20,13.5096
2011-04-21,13.5714
2011-04-25,13.5196
2011-04-26,13.9998
2011-04-27,14.1262
2011-04-28,14.0446
2011-04-29,14.9062
2011-05-02,14.6771
2011-05-03,14.3434
2011-05-04,14.0904
2011-05-05,14.2508
2011-05-06,14.2318
2011-05-09,14.2746
2011-05-10,14.3782
2011-05-11,14.2667
2011-05-12,14.5197
2011-05-13,14.2836
2011-05-16,14.2667
2011-05-17,14.2667
2011-05-18,14.5894
2011-05-19,14.7229
2011-05-20,14.5795
2011-05-23,14.18
2011-05-24,14.188
2011-05-25,14.2318
2011-05-26,14.6681
2011-05-27,14.9231
2011-05-31,15.1871
2011-06-01,14.6074
2011-06-02,14.6592
2011-06-03,14.2667
2011-06-06,14.1262
2011-06-07,14.2418
2011-06-08,13.9539
2011-06-09,13.5804
2011-06-10,13.3243
2011-06-13,13.2556
2011-06-14,13.4319
2011-06-15,12.9747
2011-06-16,12.9667
2011-06-17,12.5364
2011-06-20,12.5912
2011-06-21,12.9039
2011-06-22,12.7177
2011-06-23,13.2137
2011-06-24,13.2915
2011-06-27,13.2137
2011-06-28,13.3503
2011-06-29,13.2915
2011-06-30,13.5375
2011-07-01,13.5714
2011-07-05,13.4688
2011-07-06,13.2297
2011-07-07,13.4319
2011-07-08,13.0006
2011-07-11,12.9937
2011-07-12,12.2804
2011-07-13,12.5115
2011-07-14,12.0971
2011-07-15,11.9387
2011-07-18,11.9387
2011-07-19,11.9905
2011-07-20,11.852
2011-07-21,11.9836
2011-07-22,12.2356
2011-07-25,12.0184
2011-07-26,12.4916
2011-07-27,11.9836
2011-07-28,11.9836
2011-07-29,11.844
2011-08-01,11.616
2011-08-02,11.2036
2011-08-03,12.1937
2011-08-04,11.5104
2011-08-05,11.2364
2011-08-08,10.3001
2011-08-09,10.7901
2011-08-10,10.4117
2011-08-11,10.9286
2011-08-12,10.8509
2011-08-15,10.9993
2011-08-16,10.9535
2011-08-17,11.0163
2011-08-18,10.1835
2011-08-19,10.06
2011-08-22,10.1307
2011-08-23,10.9286
2011-08-24,10.9446
2011-08-25,10.6577
2011-08-26,10.8878
2011-08-29,11.2364
2011-08-30,11.2115
2011-08-31,11.089
2011-09-01,10.5421
2011-09-02,10.0411
2011-09-06,9.90261
2011-09-07,10.2721
2011-09-08,10.0241
2011-09-09,9.8518
2011-09-12,10.2174
2011-09-13,10.4883
2011-09-14,10.8967
2011-09-15,11.2275
2011-09-16,11.1229
2011-09-19,10.7195
2011-09-20,10.1307
2011-09-21,9.6197
2011-09-22,9.39488
2011-09-23,9.65556
2011-09-26,9.6466
2011-09-27,9.76315
2011-09-28,9.16358
2011-09-29,9.27963
2011-09-30,8.93576
2011-10-03,8.48889
2011-10-04,9.04285
2011-10-05,9.30751
2011-10-06,9.43751
2011-10-07,9.56791
2011-10-10,9.75419
2011-10-11,9.66354
2011-10-12,9.81794
2011-10-13,10.3071
2011-10-14,10.4963
2011-10-17,9.91954
2011-10-18,10.2721
2011-10-19,9.90261
2011-10-20,9.85978
2011-10-21,10.1556
2011-10-24,10.6935
2011-10-25,10.3777
2011-10-26,10.8081
2011-10-27,11.1936
2011-10-28,11.2036
2011-10-31,10.9376
2011-11-01,10.5591
2011-11-02,10.5591
2011-11-03,10.7025
2011-11-04,10.9535
2011-11-07,10.9446
2011-11-08,11.1308
2011-11-09,10.5063
2011-11-10,10.6139
2011-11-11,11.089
2011-11-14,10.7991
2011-11-15,11.2205
2011-11-16,11.1478
2011-11-17,10.5769
2011-11-18,10.4963
2011-11-21,10.2005
2011-11-22,9.91058
2011-11-23,9.71733
2011-11-25,9.52209
2011-11-28,10.06
2011-11-29,9.89564
2011-11-30,10.5681
2011-12-01,10.8509
2011-12-02,10.8171
2011-12-05,11.5722
2011-12-06,11.8978
2011-12-07,12.389
2011-12-08,12.2983
2011-12-09,12.2266
2011-12-12,11.871
2011-12-13,11.9905
2011-12-14,11.7276
2011-12-15,11.7902
2011-12-16,12.4916
2011-12-19,12.0374
2011-12-20,12.7625
2011-12-21,12.7973
2011-12-22,13.4249
2011-12-23,13.6312
2011-12-27,13.667
2011-12-28,13.2377
2011-12-29,13.4419
2011-12-30,13.2297
2012-01-03,13.3423
2012-01-04,13.0465
2012-01-05,13.3423
2012-01-06,13.3423
2012-01-09,13.6949
2012-01-10,13.7228
2012-01-11,13.7398
2012-01-12,13.7398
2012-01-13,13.3881
2012-01-17,13.4319
2012-01-18,14.4848
2012-01-19,14.704
2012-01-20,15.4391
2012-01-23,15.0287
2012-01-24,14.9869
2012-01-25,14.6243
2012-01-26,14.6592
2012-01-27,14.6512
2012-01-30,14.3972
2012-01-31,14.3872
2012-02-01,14.8654
2012-02-02,14.5546
2012-02-03,14.958
2012-02-06,14.45
2012-02-07,14.3096
2012-02-08,14.3175
2012-02-09,14.2836
2012-02-10,14.9231
2012-02-13,15.4163
2012-02-14,15.4321
2012-02-15,15.4581
2012-02-16,16.2221
2012-02-17,15.995
2012-02-21,15.5189
2012-02-22,15.5288
2012-02-23,16.2858
2012-02-24,16.6774
2012-02-27,17.1784
2012-02-28,16.9174
2012-02-29,16.3218
2012-03-01,16.4094
2012-03-02,16.3218
2012-03-05,15.6623
2012-03-06,15.3744
2012-03-07,15.2747
2012-03-08,15.4232
2012-03-09,15.8725
2012-03-12,15.977
2012-03-13,16.2858
2012-03-14,16.522
2012-03-15,16.8028
2012-03-16,16.7052
2012-03-19,16.9881
2012-03-20,16.6774
2012-03-21,16.751
2012-03-22,16.522
2012-03-23,16.7939
2012-03-26,17.2411
2012-03-27,17.2252
2012-03-28,17.2252
2012-03-29,17.1714
2012-03-30,17.2701
2012-04-02,17.4523
2012-04-03,17.023
2012-04-04,16.7242
2012-04-05,17.2601
2012-04-09,16.768
2012-04-10,16.7939
2012-04-11,16.9523
2012-04-12,17.4613
2012-04-13,17.3129
2012-04-16,17.2949
2012-04-17,17.7143
2012-04-18,17.5071
2012-04-19,17.2511
2012-04-20,16.9622
2012-04-23,16.776
2012-04-24,16.7421
2012-04-25,17.0559
2012-04-26,17.5927
2012-04-27,17.9613
2012-04-30,18.1915
2012-05-01,18.7692
2012-05-02,18.7414
2012-05-03,18.3469
2012-05-04,18.2253
2012-05-07,18.1815
2012-05-08,18.2343
2012-05-09,18.311
2012-05-10,18.5092
2012-05-11,18.311
2012-05-14,18.3907
2012-05-15,18.1566
2012-05-16,17.9703
2012-05-17,18.0959
2012-05-18,16.8666
2012-05-21,16.8288
2012-05-22,16.4254
2012-05-23,16.3466
2012-05-24,15.986
2012-05-25,16.241
2012-05-29,16.6504
2012-05-30,16.4174
2012-05-31,16.497
2012-06-01,15.7061
2012-06-04,15.9352
2012-06-05,16.1424
2012-06-06,16.2052
2012-06-07,15.9203
2012-06-08,17.5619
2012-06-11,16.9622
2012-06-12,17.1077
2012-06-13,16.9025
2012-06-14,17.014
2012-06-15,17.0987
2012-06-18,17.3617
2012-06-19,17.7413
2012-06-20,17.8996
2012-06-21,17.3717
2012-06-22,17.8448
2012-06-25,16.9881
2012-06-26,16.8576
2012-06-27,17.0479
2012-06-28,17.0041
2012-06-29,17.4265
2012-07-02,17.5071
2012-07-03,18.1197
2012-07-05,18.3369
2012-07-06,17.6177
2012-07-09,17.4892
2012-07-10,17.2411
2012-07-11,17.287
2012-07-12,16.8666
2012-07-13,16.758
2012-07-16,16.1255
2012-07-17,16.1424
2012-07-18,16.4612
2012-07-19,17.1176
2012-07-20,16.9254
2012-07-23,16.6774
2012-07-24,15.5099
2012-07-25,15.6882
2012-07-26,15.8187
2012-07-27,16.258
2012-07-30,15.7141
2012-07-31,17.014
2012-08-01,16.6774
2012-08-02,16.7052
2012-08-03,17.6267
2012-08-06,17.4165
2012-08-07,17.9982
2012-08-08,18.049
2012-08-09,18.559
2012-08-10,18.5262
2012-08-13,18.2164
2012-08-14,18.4534
2012-08-15,18.4714
2012-08-16,19.1746
2012-08-17,19.2962
2012-08-20,19.2235
2012-08-21,19.2414
2012-08-22,19.342
2012-08-23,19.3848
2012-08-24,19.7544
2012-08-27,19.7983
2012-08-28,19.4785
2012-08-29,19.2075
2012-08-30,18.8588
2012-08-31,18.9286
2012-09-04,17.7043
2012-09-05,17.7601
2012-09-06,18.4634
2012-09-07,18.566
2012-09-10,18.2742
2012-09-11,18.3996
2012-09-12,18.311
2012-09-13,18.3469
2012-09-14,18.592
2012-09-17,18.1297
2012-09-18,18.1118
2012-09-19,18.1915
2012-09-20,18.1994
2012-09-21,18.1118
2012-09-24,17.8299
2012-09-25,17.3308
2012-09-26,17.0041
2012-09-27,17.5529
2012-09-28,17.3388
2012-10-01,17.023
2012-10-02,16.8108
2012-10-03,16.4612
2012-10-04,16.0826
2012-10-05,16.0268
2012-10-08,15.731
2012-10-09,15.7141
2012-10-10,15.8027
2012-10-11,16.1424
2012-10-12,16.1255
2012-10-15,16.249
2012-10-16,16.5478
2012-10-17,16.8108
2012-10-18,16.6166
2012-10-19,16.1165
2012-10-22,16.1703
2012-10-23,16.514
2012-10-24,16.1514
2012-10-25,16.267
2012-10-26,16.9025
2012-10-31,17.0559
2012-11-01,17.4165
2012-11-02,16.6774
2012-11-05,17.0718
2012-11-06,17.0648
2012-11-07,16.7142
2012-11-08,16.6774
2012-11-09,17.1714
2012-11-12,16.9174
2012-11-13,16.758
2012-11-14,16.4522
2012-11-15,16.1514
2012-11-16,16.5718
2012-11-19,17.3308
2012-11-20,17.031
2012-11-21,17.2601
2012-11-23,17.4892
2012-11-26,17.8299
2012-11-27,17.7143
2012-11-28,17.8637
2012-11-29,18.5451
2012-11-30,18.575
2012-12-03,18.8031
2012-12-04,18.812
2012-12-05,18.84
2012-12-06,18.4445
2012-12-07,18.4176
2012-12-10,18.5092
2012-12-11,19.3052
2012-12-12,19.2504
2012-12-13,18.8818
2012-12-14,19.1398
2012-12-17,19.2872
2012-12-18,19.5313
2012-12-19,19.7643
2012-12-20,19.8361
2012-12-21,19.9347
2012-12-24,19.9725
2012-12-26,19.8092
2012-12-27,19.9825
2012-12-28,19.8361
2012-12-31,20.4816
2013-01-02,20.9856
2013-01-03,21.0952
2013-01-04,20.7556
2013-01-07,20.3889
2013-01-08,20.5095
2013-01-09,21.1142
2013-01-10,21.133
2013-01-11,20.7645
2013-01-14,20.627
2013-01-15,20.903
2013-01-16,21.14
2013-01-17,21.673
2013-01-18,21.5465
2013-01-22,21.5176
2013-01-23,21.4349
2013-01-24,21.4349
2013-01-25,21.5176
2013-01-28,21.4807
2013-01-29,21.3552
2013-01-30,21.3084
2013-01-31,21.4349
2013-02-01,21.7477
2013-02-04,21.3362
2013-02-05,21.3273
2013-02-06,21.3452
2013-02-07,22.6023
2013-02-08,22.8225
2013-02-11,22.8225
2013-02-12,22.9819
2013-02-13,22.962
2013-02-14,23.1652
2013-02-15,23.1274
2013-02-19,23.449
2013-02-20,22.9988
2013-02-21,22.6113
2013-02-22,22.8325
2013-02-25,22.2905
2013-02-26,22.4311
2013-02-27,22.6293
2013-02-28,22.6023
2013-03-01,22.6113
2013-03-04,22.3265
2013-03-05,22.5655
2013-03-06,22.6591
2013-03-07,22.4769
2013-03-08,22.6113
2013-03-11,22.4041
2013-03-12,22.3175
2013-03-13,22.5655
2013-03-14,22.5735
2013-03-15,22.1322
2013-03-18,21.8603
2013-03-19,21.7188
2013-03-20,22.3753
2013-03-21,21.7377
2013-03-22,21.656
2013-03-25,21.6272
2013-03-26,22.3075
2013-03-27,22.1889
2013-03-28,22.4041
2013-04-01,21.6989
2013-04-02,21.3452
2013-04-03,20.7645
2013-04-04,20.903
2013-04-05,20.6908
2013-04-08,21.0494
2013-04-09,21.0334
2013-04-10,21.2038
2013-04-11,20.9677
2013-04-12,20.5991
2013-04-15,20.1579
2013-04-16,20.8282
2013-04-17,20.0025
2013-04-18,19.4586
2013-04-19,19.2942
2013-04-22,19.5213
2013-04-23,20.4816
2013-04-24,20.7834
2013-04-25,21.15
2013-04-26,21.2038
2013-04-29,21.406
2013-04-30,22.1701
2013-05-01,21.4608
2013-05-02,21.9669
2013-05-03,22.2817
2013-05-06,22.3653
2013-05-07,22.4499
2013-05-08,22.5655
2013-05-09,22.2905
2013-05-10,22.4829
2013-05-13,22.2817
2013-05-14,22.4769
2013-05-15,22.4311
2013-05-16,22.3653
2013-05-17,22.18
2013-05-20,22.2617
2013-05-21,22.4311
2013-05-22,21.9867
2013-05-23,22.0774
2013-05-24,22.1621
2013-05-28,22.4829
2013-05-29,22.4769
2013-05-30,22.7867
2013-05-31,22.5835
2013-06-03,22.7777
2013-06-04,22.962
2013-06-05,22.6681
2013-06-06,22.3853
2013-06-07,22.5277
2013-06-10,22.9988
2013-06-11,22.4987
2013-06-12,22.1033
2013-06-13,22.6392
2013-06-14,22.2905
2013-06-17,22.8962
2013-06-18,22.8325
2013-06-19,22.695
2013-06-20,22.1979
2013-06-21,22.1979
2013-06-24,21.7955
2013-06-25,21.925
2013-06-26,22.1133
2013-06-27,22.2905
2013-06-28,22.1621
2013-07-01,21.9957
2013-07-02,22.1033
2013-07-03,22.5087
2013-07-05,22.8325
2013-07-08,22.2975
2013-07-09,22.5655
2013-07-10,22.6023
2013-07-11,23.2
2013-07-12,23.1004
2013-07-15,23.6234
2013-07-16,23.9093
2013-07-17,24.2032
2013-07-18,24.0378
2013-07-19,23.8814
2013-07-22,24.1115
2013-07-23,24.2659
2013-07-24,24.1275
2013-07-25,24.0747
2013-07-26,23.9093
2013-07-29,23.8994
2013-07-30,23.982
2013-07-31,24.0647
2013-08-01,24.2928
2013-08-02,24.0836
2013-08-05,24.2739
2013-08-06,24.1852
2013-08-07,26.3797
2013-08-08,26.4455
2013-08-09,26.052
2013-08-12,26.6297
2013-08-13,26.9775
2013-08-14,26.6297
2013-08-15,26.4166
2013-08-16,26.6297
2013-08-19,26.2532
2013-08-20,26.6397
2013-08-21,26.3498
2013-08-22,26.5281
2013-08-23,26.6397
2013-08-26,26.4983
2013-08-27,26.298
2013-08-28,26.575
2013-08-29,27.8042
2013-08-30,28.1448
2013-09-03,27.8142
2013-09-04,28.3222
2013-09-05,28.2006
2013-09-06,27.9796
2013-09-09,28.099
2013-09-10,28.5384
2013-09-11,28.4596
2013-09-12,28.2006
2013-09-13,27.9188
2013-09-16,27.7484
2013-09-17,28.0802
2013-09-18,28.1728
2013-09-19,28.2366
2013-09-20,28.0712
2013-09-23,27.9188
2013-09-24,28.0174
2013-09-25,27.7404
2013-09-26,27.7574
2013-09-27,27.4944
2013-09-30,27.8331
2013-10-01,28.3322
2013-10-02,28.3322
2013-10-03,28.2366
2013-10-04,28.6539
2013-10-07,28.4418
2013-10-08,27.7036
2013-10-09,27.3918
2013-10-10,28.109
2013-10-11,28.2464
2013-10-14,28.7894
2013-10-15,28.4418
2013-10-16,28.7017
2013-10-17,28.7983
2013-10-18,28.2824
2013-10-21,27.7484
2013-10-22,26.6108
2013-10-23,25.783
2013-10-24,25.3637
2013-10-25,29.6809
2013-10-28,29.3043
2013-10-29,29.7327
2013-10-30,28.8083
2013-10-31,29.2685
2013-11-01,28.9617
2013-11-04,29.148
2013-11-05,29.1291
2013-11-06,29.3701
2013-11-07,28.6928
2013-11-08,29.3243
2013-11-11,29.7905
2013-11-12,29.7905
2013-11-13,30.5576
2013-11-14,29.9389
2013-11-15,29.9389
2013-11-18,29.9588
2013-11-19,29.1849
2013-11-20,29.2197
2013-11-21,29.6052
2013-11-22,29.6241
2013-11-25,29.661
2013-11-26,30.0943
2013-11-27,30.7538
2013-11-29,30.699
2013-12-02,30.1202
2013-12-03,29.9768
2013-12-04,30.0844
2013-12-05,30.1501
2013-12-06,31.0695
2013-12-09,30.689
2013-12-10,30.3244
2013-12-11,29.661
2013-12-12,29.1211
2013-12-13,29.1669
2013-12-16,29.5604
2013-12-17,29.8851
2013-12-18,30.0565
2013-12-19,29.9937
2013-12-20,30.5286
2013-12-23,31.0885
2013-12-24,31.0606
2013-12-26,31.1602
2013-12-27,31.1174
2013-12-30,31.3903
2013-12-31,31.8565
2014-01-02,31.2777
2014-01-03,31.5009
2014-01-06,31.0237
2014-01-07,31.1522
2014-01-08,31.5109
2014-01-09,30.9839
2014-01-10,30.9321
2014-01-13,30.3962
2014-01-14,31.0506
2014-01-15,31.3535
2014-01-16,31.2399
2014-01-17,31.6125
2014-01-21,31.6503
2014-01-22,31.8217
2014-01-23,31.8745
2014-01-24,30.9162
2014-01-27,30.8126
2014-01-28,30.708
2014-01-29,30.452
2014-01-30,30.7448
2014-01-31,30.0465
2014-02-03,29.7616
2014-02-04,29.0255
2014-02-05,28.8262
2014-02-06,29.7905
2014-02-07,31.2399
2014-02-10,31.3235
2014-02-11,31.5755
2014-02-12,31.9322
2014-02-13,32.3356
2014-02-14,32.254
2014-02-18,32.2002
2014-02-19,31.5855
2014-02-20,32.1374
2014-02-21,31.7927
2014-02-24,32.8596
2014-02-25,32.8974
2014-02-26,33.4663
2014-02-27,33.3228
2014-02-28,32.9442
2014-03-03,32.6216
2014-03-04,34.0829
2014-03-05,34.0361
2014-03-06,33.9903
2014-03-07,33.9483
2014-03-10,33.8229
2014-03-11,33.6465
2014-03-12,34.0091
2014-03-13,34.0091
2014-03-14,34.7732
2014-03-17,35.2812
2014-03-18,35.7235
2014-03-19,35.3082
2014-03-20,35.4526
2014-03-21,34.7921
2014-03-24,34.1885
2014-03-25,34.304
2014-03-26,34.2522
2014-03-27,34.3967
2014-03-28,34.1207
2014-03-31,35.6388
2014-04-01,36.5683
2014-04-02,36.0602
2014-04-03,36.0771
2014-04-04,34.5331
2014-04-07,33.7422
2014-04-08,34.1685
2014-04-09,34.4863
2014-04-10,33.3836
2014-04-11,32.2978
2014-04-14,32.743
2014-04-15,32.8248
2014-04-16,33.027
2014-04-17,33.3935
2014-04-21,33.7013
2014-04-22,34.0919
2014-04-23,34.0539
2014-04-24,35.0102
2014-04-25,34.5331
2014-04-28,34.0191
2014-04-29,34.1307
2014-04-30,34.1007
2014-05-01,33.7422
2014-05-02,33.7422
2014-05-05,33.7511
2014-05-06,33.523
2014-05-07,33.8627
2014-05-08,33.5709
2014-05-09,34.1785
2014-05-12,35.7135
2014-05-13,34.8678
2014-05-14,34.3409
2014-05-15,34.0091
2014-05-16,34.5231
2014-05-19,34.8409
2014-05-20,34.6148
2014-05-21,34.8768
2014-05-22,35.2712
2014-05-23,35.8371
2014-05-27,36.5493
2014-05-28,36.2803
2014-05-29,36.2893
2014-05-30,36.116
2014-06-02,35.8929
2014-06-03,35.7404
2014-06-04,36.0144
2014-06-05,36.4855
2014-06-06,36.9418
2014-06-09,38.175
2014-06-10,38.3852
2014-06-11,38.0644
2014-06-12,38.0196
2014-06-13,38.3603
2014-06-16,38.5316
2014-06-17,38.9381
2014-06-18,38.9181
2014-06-19,38.6691
2014-06-20,38.7985
2014-06-23,39.0496
2014-06-24,38.1909
2014-06-25,38.5127
2014-06-26,38.3941
2014-06-27,38.8643
2014-06-30,39.0685
2014-07-01,39.3255
2014-07-02,39.1881
2014-07-03,39.7608
2014-07-07,38.9111
2014-07-08,38.4699
2014-07-09,38.8375
2014-07-10,38.3304
2014-07-11,38.2826
2014-07-14,38.5227
2014-07-15,38.1541
2014-07-16,38.2547
2014-07-17,37.7128
2014-07-18,38.8733
2014-07-21,38.9789
2014-07-22,39.4072
2014-07-23,37.6102
2014-07-24,37.912
2014-07-25,38.4798
2014-07-28,38.6701
2014-07-29,39.0327
2014-07-30,39.5836
2014-07-31,38.0445
2014-08-01,38.2826
2014-08-04,38.3204
2014-08-05,39.1123
2014-08-06,39.0765
2014-08-07,38.9201
2014-08-08,39.1024
2014-08-11,39.1791
2014-08-12,39.9262
2014-08-13,40.6833
2014-08-14,40.3127
2014-08-15,40.6454
2014-08-18,41.0409
2014-08-19,41.8876
2014-08-20,42.4544
2014-08-21,42.1586
2014-08-22,42.7104
2014-08-25,42.2124
2014-08-26,43.3031
2014-08-27,43.1826
2014-08-28,43.1357
2014-08-29,44.0761
2014-09-02,43.9855
2014-09-03,43.2842
2014-09-04,43.2753
2014-09-05,43.5781
2014-09-08,43.3689
2014-09-09,42.3279
2014-09-10,42.1744
2014-09-11,42.544
2014-09-12,42.5072
2014-09-15,41.8328
2014-09-16,42.2602
2014-09-17,42.6347
2014-09-18,43.5949
2014-09-19,41.9264
2014-09-22,41.1067
2014-09-23,40.9851
2014-09-24,41.3925
2014-09-25,40.8675
2014-09-26,41.3297
2014-09-29,41.2919
2014-09-30,40.7749
2014-10-01,40.247
2014-10-02,40.8187
2014-10-03,40.6255
2014-10-06,40.7849
2014-10-07,39.5238
2014-10-08,40.3476
2014-10-09,38.8573
2014-10-10,32.9702
2014-10-13,32.1115
2014-10-14,31.9033
2014-10-15,33.4782
2014-10-16,35.1906
2014-10-17,35.2006
2014-10-20,35.4516
2014-10-21,36.4627
2014-10-22,36.2933
2014-10-23,36.6439
2014-10-24,37.4598
2014-10-27,37.0225
2014-10-28,39.3474
2014-10-29,38.8573
2014-10-30,39.0357
2014-10-31,40.9025
2014-11-03,40.8237
2014-11-04,40.487
2014-11-05,41.1077
2014-11-06,41.4851
2014-11-07,41.3696
2014-11-10,41.522
2014-11-11,41.5509
2014-11-12,42.0062
2014-11-13,41.532
2014-11-14,42.0798
2014-11-17,41.6366
2014-11-18,42.9595
2014-11-19,42.4504
2014-11-20,42.7552
2014-11-21,43.1617
2014-11-24,43.6807
2014-11-25,43.6029
2014-11-26,44.627
2014-11-28,44.5512
2014-12-01,43.6119
2014-12-02,44.5314
2014-12-03,45.4956
2014-12-04,45.5046
2014-12-05,45.9757
2014-12-08,44.893
2014-12-09,46.0136
2014-12-10,45.3561
2014-12-11,45.4867
2014-12-12,44.9507
2014-12-15,44.4586
2014-12-16,43.9307
2014-12-17,44.2176
2014-12-18,45.1788
2014-12-19,45.1081
2014-12-22,45.8173
2014-12-23,45.4787
2014-12-24,46.2816
2014-12-26,46.687
2014-12-29,46.4758
2014-12-30,46.2447
2014-12-31,46.178
2015-01-02,45.141
2015-01-05,44.2564
2015-01-06,42.7901
2015-01-07,43.4137
2015-01-08,44.9158
2015-01-09,44.6479
2015-01-12,43.7573
2015-01-13,43.5781
2015-01-14,43.4425
2015-01-15,42.5202
2015-01-16,43.4595
2015-01-20,43.3011
2015-01-21,43.1328
2015-01-22,43.6408
2015-01-23,44.5632
2015-01-26,44.4138
2015-01-27,44.3092
2015-01-28,44.4138
2015-01-29,45.3821
2015-01-30,44.0901
2015-02-02,44.0343
2015-02-03,45.0563
2015-02-04,44.374
2015-02-05,44.1289
2015-02-06,44.7564
2015-02-09,43.9775
2015-02-10,45.5833
2015-02-11,45.9638
2015-02-12,46.5674
2015-02-13,46.7159
2015-02-17,46.9848
2015-02-18,46.8384
2015-02-19,47.3883
2015-02-20,48.2709
2015-02-23,48.4811
2015-02-24,48.9482
2015-02-25,48.9781
2015-02-26,49.275
2015-02-27,48.9582
2015-03-02,50.2801
2015-03-03,49.7242
2015-03-04,49.3427
2015-03-05,48.9194
2015-03-06,48.0159
2015-03-09,48.5528
2015-03-10,48.5358
2015-03-11,49.3816
2015-03-12,49.2312
2015-03-13,48.8516
2015-03-16,49.8826
2015-03-17,50.1705
2015-03-18,50.2901
2015-03-19,50.7911
2015-03-20,52.1
2015-03-23,51.5172
2015-03-24,50.5979
2015-03-25,48.3147
2015-03-26,47.6931
2015-03-27,49.2102
2015-03-30,49.7142
2015-03-31,49.0708
2015-04-01,48.4541
2015-04-02,48.1861
2015-04-06,48.3705
2015-04-07,48.0089
2015-04-08,48.235
2015-04-09,48.2897
2015-04-10,48.6613
2015-04-13,48.2251
2015-04-14,48.1295
2015-04-15,49.3586
2015-04-16,49.8358
2015-04-17,49.2012
2015-04-20,49.771
2015-04-21,50.2911
2015-04-22,50.2541
2015-04-23,49.8726
2015-04-24,46.5625
2015-04-27,46.9918
2015-04-28,47.5108
2015-04-29,48.4741
2015-04-30,48.3077
2015-05-01,49.3208
2015-05-04,49.2012
2015-05-05,48.1861
2015-05-06,48.0537
2015-05-07,48.3795
2015-05-08,48.9821
2015-05-11,48.6613
2015-05-12,48.6145
2015-05-13,48.7719
2015-05-14,49.5549
2015-05-15,49.3018
2015-05-18,50.6088
2015-05-19,50.1994
2015-05-20,49.9733
2015-05-21,50.4225
2015-05-22,50.4495
2015-05-26,49.7142
2015-05-27,51.0102
2015-05-28,51.2134
2015-05-29,50.8887
2015-06-01,50.8229
2015-06-02,50.6815
2015-06-03,50.8797
2015-06-04,50.4225
2015-06-05,49.9932
2015-06-08,48.8954
2015-06-09,48.6434
2015-06-10,49.6386
2015-06-11,49.4274
2015-06-12,49.51
2015-06-15,49.7142
2015-06-16,49.9733
2015-06-17,49.9733
2015-06-18,50.4395
2015-06-19,50.5809
2015-06-22,50.9724
2015-06-23,50.6546
2015-06-24,50.2811
2015-06-25,50.1515
2015-06-26,49.0936
2015-06-29,47.5198
2015-06-30,47.4381
2015-07-01,47.6443
2015-07-02,48.2559
2015-07-06,47.6732
2015-07-07,47.3395
2015-07-08,46.0545
2015-07-09,44.6518
2015-07-10,45.5225
2015-07-13,45.7377
2015-07-14,46.3174
2015-07-15,46.5037
2015-07-16,46.0355
2015-07-17,45.8025
2015-07-20,45.8951
2015-07-21,45.6421
2015-07-22,44.2774
2015-07-23,46.0355
2015-07-24,45.2087
2015-07-27,44.6908
2015-07-28,46.5684
2015-07-29,46.5684
2015-07-30,47.7777
2015-07-31,48.3735
2015-08-03,47.8425
2015-08-04,47.2528
2015-08-05,47.9541
2015-08-06,47.6254
2015-08-07,48.0179
2015-08-10,48.757
2015-08-11,47.5487
2015-08-12,47.8803
2015-08-13,47.4451
2015-08-14,47.6064
2015-08-17,48.1025
2015-08-18,46.8414
2015-08-19,46.2895
2015-08-20,44.5294
2015-08-21,43.8948
2015-08-24,42.564
2015-08-25,42.3608
2015-08-26,44.1299
2015-08-27,45.2087
2015-08-28,45.3143
2015-08-31,44.9896
2015-09-01,43.7045
2015-09-02,44.8462
2015-09-03,45.392
2015-09-04,45.1121
2015-09-08,46.941
2015-09-09,46.4589
2015-09-10,46.4858
2015-09-11,47.3574
2015-09-14,47.3096
2015-09-15,47.8345
2015-09-16,47.7399
2015-09-17,47.8605
2015-09-18,47.187
2015-09-21,47.0755
2015-09-22,46.0634
2015-09-23,46.0634
2015-09-24,46.1849
2015-09-25,47.2428
2015-09-28,46.1999
2015-09-29,46.5276
2015-09-30,48.0865
2015-10-01,47.3574
2015-10-02,48.3953
2015-10-05,50.0041
2015-10-06,50.8877
2015-10-07,51.6578
2015-10-08,51.9376
2015-10-09,51.6478
2015-10-12,51.835
2015-10-13,51.1587
2015-10-14,52.8591
2015-10-15,53.6968
2015-10-16,53.4876
2015-10-19,53.9488
2015-10-20,53.6201
2015-10-21,52.4547
2015-10-22,54.2397
2015-10-23,55.1711
2015-10-26,54.2496
2015-10-27,57.9135
2015-10-28,59.1517
2015-10-29,57.9802
2015-10-30,58.6277
2015-11-02,58.9824
2015-11-03,58.9644
2015-11-04,59.076
2015-11-05,59.2842
2015-11-06,60.5044
2015-11-09,60.1119
2015-11-10,59.7443
2015-11-11,59.9397
2015-11-12,59.4883
2015-11-13,58.7582
2015-11-16,59.6597
2015-11-17,60.5044
2015-11-18,62.3623
2015-11-19,61.8671
2015-11-20,62.5724
2015-11-23,62.1759
2015-11-24,63.2458
2015-11-25,63.7448
2015-11-27,63.697
2015-11-30,64.1782
2015-12-01,64.6941
2015-12-02,63.199
2015-12-03,62.5147
2015-12-04,63.0894
2015-12-07,62.6282
2015-12-08,62.1939
2015-12-09,60.627
2015-12-10,60.5811
2015-12-11,59.5282
2015-12-14,59.076
2015-12-15,60.1677
2015-12-16,59.9017
2015-12-17,59.3788
2015-12-18,59.3111
2015-12-21,60.4745
2015-12-22,60.607
2015-12-23,60.5323
2015-12-24,60.6459
2015-12-28,60.363
2015-12-29,61.3621
2015-12-30,61.0314
2015-12-31,60.0233
2016-01-04,57.4433
2016-01-05,56.4352
2016-01-06,55.5018
2016-01-07,53.902
2016-01-08,54.0326
2016-01-11,55.0465
2016-01-12,55.6712
2016-01-13,54.8235
2016-01-14,56.3496
2016-01-15,54.0972
2016-01-19,53.9866
2016-01-20,54.8713
2016-01-21,56.5667
2016-01-22,58.029
2016-01-25,57.8119
2016-01-26,57.774
2016-01-27,56.217
2016-01-28,56.8865
2016-01-29,58.9325
2016-02-01,58.6964
2016-02-02,55.5685
2016-02-03,54.8912
2016-02-04,54.8912
2016-02-05,56.5388
2016-02-08,53.1011
2016-02-09,52.9587
2016-02-10,53.2306
2016-02-11,53.0065
2016-02-12,53.4757
2016-02-16,54.7268
2016-02-17,55.4251
2016-02-18,54.7567
2016-02-19,55.0097
2016-02-22,55.3683
2016-02-23,54.8523
2016-02-24,53.9768
2016-02-25,54.5057
2016-02-26,55.3405
2016-02-29,55.6433
2016-03-01,56.8008
2016-03-02,57.009
2016-03-03,56.9641
2016-03-04,58.2223
2016-03-07,57.9543
2016-03-08,55.454
2016-03-09,56.3126
2016-03-10,56.1982
2016-03-11,57.5489
2016-03-14,56.8396
2016-03-15,56.227
2016-03-16,56.9253
2016-03-17,57.0877
2016-03-18,58.9236
2016-03-21,57.8955
2016-03-22,57.9723
2016-03-23,57.4035
2016-03-24,57.6665
2016-03-28,57.3945
2016-03-29,58.7672
2016-03-30,59.1258
2016-03-31,60.1568
2016-04-01,60.9178
2016-04-04,59.9954
2016-04-05,59.4007
2016-04-06,60.3919
2016-04-07,59.9954
2016-04-08,60.1667
2016-04-11,60.0423
2016-04-12,60.0611
2016-04-13,62.2815
2016-04-14,61.6849
2016-04-15,61.152
2016-04-18,61.3661
2016-04-19,60.4357
2016-04-20,60.2703
2016-04-21,59.9377
2016-04-22,60.6768
2016-04-25,60.2145
2016-04-26,61.386
2016-04-27,61.7805
2016-04-28,60.6768
2016-04-29,59.0022
2016-05-02,60.0323
2016-05-03,60.9178
2016-05-04,58.8498
2016-05-05,58.302
2016-05-06,59.0869
2016-05-09,58.4644
2016-05-10,58.9833
2016-05-11,58.9186
2016-05-12,57.5937
2016-05-13,58.0848
2016-05-16,59.4186
2016-05-17,58.6914
2016-05-18,59.5621
2016-05-19,58.7194
2016-05-20,60.609
2016-05-23,61.7905
2016-05-24,63.2268
2016-05-25,63.2268
2016-05-26,64.1463
2016-05-27,64.7699
2016-05-31,64.5895
2016-06-01,64.9571
2016-06-02,64.9283
2016-06-03,64.9373
2016-06-06,65.005
2016-06-07,66.3767
2016-06-08,66.7661
2016-06-09,66.8767
2016-06-10,65.2889
2016-06-13,64.8446
2016-06-14,64.9851
2016-06-15,65.1863
2016-06-16,65.1674
2016-06-17,64.1563
2016-06-20,64.6384
2016-06-21,64.4949
2016-06-22,64.4751
2016-06-23,66.0648
2016-06-24,62.5774
2016-06-27,59.8321
2016-06-28,62.8583
2016-06-29,63.459
2016-06-30,64.7849
2016-07-01,64.1025
2016-07-05,62.6889
2016-07-06,63.0894
2016-07-07,63.9391
2016-07-08,65.267
2016-07-11,66.1974
2016-07-12,67.0511
2016-07-13,66.6915
2016-07-14,66.9555
2016-07-15,67.2493
2016-07-18,67.1815
2016-07-19,67.3071
2016-07-20,68.5682
2016-07-21,67.837
2016-07-22,68.348
2016-07-25,69.4209
2016-07-26,69.9737
2016-07-27,70.1122
2016-07-28,69.4787
2016-07-29,68.9577
2016-08-01,69.0613
2016-08-02,67.5133
2016-08-03,68.095
2016-08-04,68.5393
2016-08-05,69.2037
2016-08-08,69.0911
2016-08-09,69.896
2016-08-10,69.4886
2016-08-11,69.5743
2016-08-12,69.7416
2016-08-15,70.7606
2016-08-16,69.9438
2016-08-17,69.9916
2016-08-18,70.4458
2016-08-19,71.1292
2016-08-22,71.6891
2016-08-23,71.9819
2016-08-24,71.1392
2016-08-25,71.4121
2016-08-26,72.721
2016-08-29,72.227
2016-08-30,72.4172
2016-08-31,72.75
2016-09-01,73.6435
2016-09-02,73.3666
2016-09-06,72.6842
2016-09-07,72.7012
2016-09-08,71.6523
2016-09-09,69.6211
2016-09-12,71.4779
2016-09-13,70.8274
2016-09-14,70.7985
2016-09-15,71.3175
2016-09-16,71.708
2016-09-19,72.0307
2016-09-20,71.6621
2016-09-21,72.494
2016-09-22,73.3576
2016-09-23,72.5686
2016-09-26,72.4083
2016-09-27,74.3647
2016-09-28,75.054
2016-09-29,75.054
2016-09-30,76.5303
2016-10-03,75.2842
2016-10-04,75.1586
2016-10-05,76.0721
2016-10-06,76.348
2016-10-07,76.3121
2016-10-10,76.5263
2016-10-11,75.2184
2016-10-12,74.2581
2016-10-13,73.0956
2016-10-14,73.3646
2016-10-17,72.736
2016-10-18,73.1833
2016-10-19,73.2978
2016-10-20,73.1544
2016-10-21,73.7621
2016-10-24,75.4564
2016-10-25,75.2752
2016-10-26,75.3508
2016-10-27,75.1118
2016-10-28,74.1227
2016-10-31,74.9256
2016-11-01,72.717
2016-11-02,72.736
2016-11-03,72.6692
2016-11-04,72.9064
2016-11-07,74.6844
2016-11-08,74.8
2016-11-09,75.824
2016-11-10,73.9533
2016-11-11,75.3788
2016-11-14,75.8927
2016-11-15,76.2445
2016-11-16,76.9865
2016-11-17,77.6131
2016-11-18,77.7944
2016-11-21,78.7736
2016-11-22,79.8116
2016-11-23,79.8744
2016-11-25,80.1812
2016-11-28,79.5914
2016-11-29,79.0007
2016-11-30,77.9916
2016-12-01,72.736
2016-12-02,72.8694
2016-12-05,74.1316
2016-12-06,74.4175
2016-12-07,75.4376
2016-12-08,76.8251
2016-12-09,76.3669
2016-12-12,76.1319
2016-12-13,78.9449
2016-12-14,78.7567
2016-12-15,80.0556
2016-12-16,79.1611
2016-12-19,79.96
2016-12-20,81.2161
2016-12-21,80.4073
2016-12-22,80.1512
2016-12-23,80.3873
2016-12-27,80.8257
2016-12-28,79.3105
2016-12-29,79.3016
2016-12-30,78.0733
2017-01-03,79.6731
2017-01-04,79.1193
2017-01-05,78.8613
2017-01-06,79.9869
2017-01-09,81.3785
2017-01-10,81.5419
2017-01-11,82.2551
2017-01-12,81.9034
2017-01-13,83.0391
2017-01-17,81.1583
2017-01-18,82.3796
2017-01-19,81.5777
2017-01-20,83.4195
2017-01-23,84.1707
2017-01-24,86.2845
2017-01-25,85.8193
2017-01-26,84.1418
2017-01-27,85.5523
2017-01-30,84.856
2017-01-31,83.1317
2017-02-01,84.7325
2017-02-02,84.1129
2017-02-03,84.875
2017-02-06,84.3729
2017-02-07,85.1628
2017-02-08,85.6759
2017-02-09,84.8182
2017-02-10,84.2374
2017-02-13,81.8666
2017-02-14,81.1215
2017-02-15,81.9692
2017-02-16,82.1016
2017-02-17,82.4464
2017-02-21,84.0661
2017-02-22,84.618
2017-02-23,84.0272
2017-02-24,84.618
2017-02-27,84.9038
2017-02-28,83.829
2017-03-01,85.2286
2017-03-02,84.7514
2017-03-03,84.4008
2017-03-06,84.0073
2017-03-07,84.1896
2017-03-08,84.2095
2017-03-09,84.1707
2017-03-10,85.0662
2017-03-13,86.677
2017-03-14,87.0874
2017-03-15,88.3565
2017-03-16,87.9739
2017-03-17,88.5836
2017-03-20,89.3178
2017-03-21,87.3623
2017-03-22,87.7548
2017-03-23,86.8304
2017-03-24,87.1262
2017-03-27,86.7806
2017-03-28,88.3087
2017-03-29,87.7349
2017-03-30,87.7927
2017-03-31,87.955
2017-04-03,87.3703
2017-04-04,88.3644
2017-04-05,86.8832
2017-04-06,86.9519
2017-04-07,87.5994
2017-04-10,87.1242
2017-04-11,86.4936
2017-04-12,85.375
2017-04-13,84.9656
2017-04-17,86.3472
2017-04-18,87.0086
2017-04-19,87.6661
2017-04-20,89.5847
2017-04-21,89.1674
2017-04-24,90.9623
2017-04-25,91.8768
2017-04-26,89.501
2017-04-27,90.2063
2017-04-28,87.3792
2017-05-01,87.7249
2017-05-02,87.0086
2017-05-03,86.7288
2017-05-04,88.5846
2017-05-05,89.252
2017-05-08,88.5069
2017-05-09,89.501
2017-05-10,91.0968
2017-05-11,91.2382
2017-05-12,90.5429
2017-05-15,91.7662
2017-05-16,93.7864
2017-05-17,88.7748
2017-05-18,89.6046
2017-05-19,90.8179
2017-05-22,90.9335
2017-05-23,90.7611
2017-05-24,93.0443
2017-05-25,93.2624
2017-05-26,93.5981
2017-05-30,93.4168
2017-05-31,93.7764
2017-06-01,94.149
2017-06-02,96.2568
2017-06-05,96.45
2017-06-06,96.2857
2017-06-07,97.2061
2017-06-08,98.7004
2017-06-09,93.5224
2017-06-12,92.9546
2017-06-13,93.6529
2017-06-14,92.1159
2017-06-15,92.069
2017-06-16,92.8141
2017-06-19,93.904
2017-06-20,92.0601
2017-06-21,93.1678
2017-06-22,92.6937
2017-06-23,94.139
2017-06-26,95.0285
2017-06-27,92.4785
2017-06-28,94.7666
2017-06-29,92.9367
2017-06-30,92.2503
2017-07-03,90.1823
2017-07-05,91.6198
2017-07-06,91.1994
2017-07-07,93.8084
2017-07-10,93.5712
2017-07-11,94.4697
2017-07-12,95.8334
2017-07-13,95.69
2017-07-14,96.4401
2017-07-17,96.6682
2017-07-18,97.2549
2017-07-19,99.1556
2017-07-20,100.471
2017-07-21,99.295
2017-07-24,100.321
2017-07-25,100.401
2017-07-26,102.184
2017-07-27,100.102
2017-07-28,98.1983
2017-07-31,97.9224
2017-08-01,98.7601
2017-08-02,97.4801
2017-08-03,97.0697
2017-08-04,97.1773
2017-08-07,98.3487
2017-08-08,98.1096
2017-08-09,97.757
2017-08-10,96.1462
2017-08-11,96.7459
2017-08-14,97.3905
2017-08-15,97.4003
2017-08-16,97.0985
2017-08-17,93.371
2017-08-18,93.4088
2017-08-21,91.7443
2017-08-22,93.381
2017-08-23,93.4278
2017-08-24,94.163
2017-08-25,93.3033
2017-08-28,93.8182
2017-08-29,94.0683
2017-08-30,95.69
2017-08-31,96.9511
2017-09-01,98.289
2017-09-05,99.0699
2017-09-06,98.1096
2017-09-07,98.269
2017-09-08,98.2989
2017-09-11,100.63
2017-09-12,101.207
2017-09-13,99.3647
2017-09-14,98.3487
2017-09-15,98.8199
2017-09-18,99.7135
2017-09-19,99.0301
2017-09-20,97.0009
2017-09-21,98.1784
2017-09-22,98.5569
2017-09-25,97.3037
2017-09-26,98.3487
2017-09-27,101.626
2017-09-28,102.025
2017-09-29,102.144
2017-10-02,103.13
2017-10-03,103.947
2017-10-04,103.279
2017-10-05,103.767
2017-10-06,104.127
2017-10-09,104.127
2017-10-10,106.925
2017-10-11,107.891
2017-10-12,108.479
2017-10-13,109.376
2017-10-16,109.147
2017-10-17,108.469
2017-10-18,109.167
2017-10-19,109.237
2017-10-20,109.286
2017-10-23,109.964
2017-10-24,109.993
2017-10-25,109.376
2017-10-26,110.103
2017-10-27,115.9
2017-10-30,115.014
2017-10-31,116.638
2017-11-01,115.652
2017-11-02,114.944
2017-11-03,117.106
2017-11-06,119.467
2017-11-07,118.6
2017-11-08,118.072
2017-11-09,115.422
2017-11-10,116.758
2017-11-13,115.89
2017-11-14,114.835
2017-11-15,114.018
2017-11-16,116.23
2017-11-17,117.554
2017-11-20,119.258
2017-11-21,121.419
2017-11-22,119.238
2017-11-24,120.374
2017-11-27,119.258
2017-11-28,119.796
2017-11-29,112.066
2017-11-30,113.46
2017-12-01,112.145
2017-12-04,106.617
2017-12-05,106.627
2017-12-06,106.657
2017-12-07,106.677
2017-12-08,108.151
2017-12-11,109.197
2017-12-12,108.171
2017-12-13,106.905
2017-12-14,105.691
2017-12-15,107.822
2017-12-18,110.023
2017-12-19,109.306
2017-12-20,110.223
2017-12-21,109.037
2017-12-22,108.509
2017-12-26,108.459
2017-12-27,108.231
2017-12-28,108.838
2017-12-29,107.931
2018-01-02,111.707
2018-01-03,113.809
2018-01-04,114.874
2018-01-05,115.323
2018-01-08,116.738
2018-01-09,116.548
2018-01-10,115.283
2018-01-11,116.896
2018-01-12,118.022
2018-01-16,115.164
2018-01-17,115.742
2018-01-18,114.954
2018-01-19,115.253
2018-01-22,115.442
2018-01-23,116.358
2018-01-24,115.234
2018-01-25,112.932
2018-01-26,117.574
2018-01-29,117.902
2018-01-30,114.854
2018-01-31,114.406
2018-02-01,115.442
2018-02-02,110.492
2018-02-05,105.203
2018-02-06,109.505
2018-02-07,105.641
2018-02-08,99.7333
2018-02-09,105.711
2018-02-12,105.561
2018-02-13,105.611
2018-02-14,108.529
2018-02-15,111.617
2018-02-16,112.364
2018-02-20,114.964
2018-02-21,112.524
2018-02-22,112.554
2018-02-23,113.38
2018-02-26,115.084
2018-02-27,113.888
2018-02-28,112.424
2018-03-01,111.199
2018-03-02,113.47
2018-03-05,113.729
2018-03-06,114.327
2018-03-07,114.656
2018-03-08,115.134
2018-03-09,119.935
2018-03-12,120.542
2018-03-13,118.83
2018-03-14,118.332
2018-03-15,118.53
2018-03-16,119.796
2018-03-19,118.192
2018-03-20,120.164
2018-03-21,120.433
2018-03-22,115.293
2018-03-23,110.342
2018-03-26,115.114
2018-03-27,111.159
2018-03-28,109.027
2018-03-29,111.468
2018-04-02,106.707
2018-04-03,108.211
2018-04-04,110.123
2018-04-05,109.874
2018-04-06,106.835
2018-04-09,107.443
2018-04-10,111.538
2018-04-11,112.633
2018-04-12,116.528
2018-04-13,116.358
2018-04-16,117.494
2018-04-17,119.756
2018-04-18,119.208
2018-04-19,115.781
2018-04-20,115.084
2018-04-23,114.596
2018-04-24,114.606
2018-04-25,114.964
2018-04-26,116.748
2018-04-27,115.821
2018-04-30,112.753
2018-05-01,114.716
2018-05-02,113.968
2018-05-03,115.811
2018-05-04,119.288
2018-05-07,119.258
2018-05-08,119.526
2018-05-09,121.499
2018-05-10,123.9
2018-05-11,121.878
2018-05-14,121.499
2018-05-15,121.559
2018-05-16,123.043
2018-05-17,123.989
2018-05-18,124.169
2018-05-21,124.975
2018-05-22,124.746
2018-05-23,125.892
2018-05-24,125.763
2018-05-25,126.829
2018-05-29,126.679
2018-05-30,128.861
2018-05-31,126.918
2018-06-01,128.363
2018-06-04,129.697
2018-06-05,130.733
2018-06-06,132.118
2018-06-07,128.423
2018-06-08,129.279
2018-06-11,132.267
2018-06-12,134.558
2018-06-13,132.576
2018-06-14,134.538
2018-06-15,136.371
2018-06-18,135.893
2018-06-19,133.911
2018-06-20,136.072
2018-06-21,135.903
2018-06-22,133.393
2018-06-25,129.279
2018-06-26,131.859
2018-06-27,128.433
2018-06-28,129.877
2018-06-29,128.989
2018-07-02,130.006
2018-07-03,128.063
2018-07-05,131.6
2018-07-06,133.473
2018-07-09,133.383
2018-07-10,135.774
2018-07-11,132.447
2018-07-12,135.345
2018-07-13,135.027
2018-07-16,134.817
2018-07-17,136.411
2018-07-18,136.511
2018-07-19,136.85
2018-07-20,135.814
2018-07-23,136.57
2018-07-24,132.695
2018-07-25,130.773
2018-07-26,131.421
2018-07-27,127.895
2018-07-30,126.489
2018-07-31,128.043
2018-08-01,127.347
2018-08-02,130.913
2018-08-03,130.973
2018-08-06,132.497
2018-08-07,136.511
2018-08-08,136.85
2018-08-09,134.817
2018-08-10,134.558
2018-08-13,134.907
2018-08-14,136.322
2018-08-15,135.036
2018-08-16,135.435
2018-08-17,135.814
2018-08-20,137.019
2018-08-21,139.678
2018-08-22,140.486
2018-08-23,140.476
2018-08-24,142.109
2018-08-27,144.082
2018-08-28,143.952
2018-08-29,144.261
2018-08-30,143.354
2018-08-31,144.639
2018-09-04,146.094
2018-09-05,144.102
2018-09-06,144.121
2018-09-07,142.826
2018-09-10,141.432
2018-09-11,140.924
2018-09-12,136.431
2018-09-13,132.018
2018-09-14,133.373
2018-09-17,127.914
2018-09-18,128.393
2018-09-19,128.961
2018-09-20,130.553
2018-09-21,128.263
2018-09-24,128.173
2018-09-25,124.637
2018-09-26,122.505
2018-09-27,122.186
2018-09-28,121.439
2018-10-01,120.374
2018-10-02,120.712
2018-10-03,123.79
2018-10-04,120.114
2018-10-05,115.572
2018-10-08,112.912
2018-10-09,112.902
2018-10-10,106.806
2018-10-11,107.284
2018-10-12,110.243
2018-10-15,110.273
2018-10-16,114.446
2018-10-17,115.004
2018-10-18,111.976
2018-10-19,110.631
2018-10-22,110.711
2018-10-23,111.209
2018-10-24,100.779
2018-10-25,104.893
2018-10-26,108.947
2018-10-29,107.733
2018-10-30,111.528
2018-10-31,114.287
2018-11-01,120.264
2018-11-02,120.224
2018-11-05,118.55
2018-11-06,120.164
2018-11-07,121.608
2018-11-08,125.025
2018-11-09,120.642
2018-11-12,115.432
2018-11-13,117.046
2018-11-14,118.162
2018-11-15,122.814
2018-11-16,123.661
2018-11-19,116.688
2018-11-20,116.398
2018-11-21,119.566
2018-11-23,120.274
2018-11-26,122.834
2018-11-27,119.596
2018-11-28,124.796
2018-11-29,125.195
2018-11-30,127.755
2018-12-03,130.345
2018-12-04,122.704
2018-12-06,121.449
2018-12-07,117.864
2018-12-10,116.23
2018-12-11,116.728
2018-12-12,119.626
2018-12-13,117.306
2018-12-14,114.765
2018-12-17,110.033
2018-12-18,114.048
2018-12-19,109.157
2018-12-20,109.067
2018-12-21,106.815
2018-12-24,103.14
2018-12-26,110.312
2018-12-27,110.372
2018-12-28,111.528
2018-12-31,112.753
2019-01-02,111.966
2019-01-03,105.341
2019-01-04,109.675
2019-01-07,112.564
2019-01-08,114.486
2019-01-09,118.302
2019-01-10,119.108
2019-01-11,120.443
2019-01-14,116.818
2019-01-15,118.958
2019-01-16,117.734
2019-01-17,118.919
2019-01-18,121.011
2019-01-22,117.356
2019-01-23,116.04
2019-01-24,122.993
2019-01-25,126.789
2019-01-28,124.408
2019-01-29,122.644
2019-01-30,122.953
2019-01-31,122.754
2019-02-01,125.663
2019-02-04,127.436
2019-02-05,128.471
2019-02-06,130.883
2019-02-07,127.127
2019-02-08,127.337
2019-02-11,126.749
2019-02-12,128.023
2019-02-13,130.245
2019-02-14,131.919
2019-02-15,134.319
2019-02-19,132.337
2019-02-20,132.556
2019-02-21,131.241
2019-02-22,132.467
2019-02-25,133.393
2019-02-26,132.556
2019-02-27,130.893
2019-02-28,130.075
2019-03-01,132.098
2019-03-04,132.417
2019-03-05,132.985
2019-03-06,130.893
2019-03-07,130.065
2019-03-08,130.265
2019-03-11,133.353
2019-03-12,133.542
2019-03-13,134.528
2019-03-14,133.791
2019-03-15,136.86
2019-03-18,136.68
2019-03-19,137.278
2019-03-20,136.292
2019-03-21,140.654
2019-03-22,135.485
2019-03-25,134.459
2019-03-26,136.052
2019-03-27,131.351
2019-03-28,130.653
2019-03-29,131.819
2019-04-01,136.521
2019-04-02,134.688
2019-04-03,140.854
2019-04-04,139.828
2019-04-05,140.694
2019-04-08,141.87
2019-04-09,142.099
2019-04-10,144.798
2019-04-11,144.808
2019-04-12,148.116
2019-04-15,147.458
2019-04-16,150.587
2019-04-17,150.865
2019-04-18,149.729
2019-04-22,149.181
2019-04-23,150.497
2019-04-24,153.255
2019-04-25,151.503
2019-04-26,150.755
2019-04-29,150.009
2019-04-30,151.483
2019-05-01,150.207
2019-05-02,151.921
2019-05-03,141.044
2019-05-06,137.388
2019-05-07,134.668
2019-05-08,133.513
2019-05-09,133.014
2019-05-10,132.467
2019-05-13,123.083
2019-05-14,124.856
2019-05-15,125.673
2019-05-16,125.274
2019-05-17,121.31
2019-05-20,117.952
2019-05-21,119.636
2019-05-22,118.012
2019-05-23,115.532
2019-05-24,116.09
2019-05-28,113.59
2019-05-29,114.327
2019-05-30,115.204
2019-05-31,113.291
2019-06-03,115.91
2019-06-04,121.728
2019-06-05,122.306
2019-06-06,120.284
2019-06-07,121.698
2019-06-10,127.027
2019-06-11,127.595
2019-06-12,124.089
2019-06-13,126.43
2019-06-14,122.973
2019-06-17,122.654
2019-06-18,126.918
2019-06-19,124.866
2019-06-20,126.789
2019-06-21,125.344
2019-06-24,124.039
2019-06-25,120.862
2019-06-26,125.274
2019-06-27,129.607
2019-06-28,132.506
2019-07-01,135.375
2019-07-02,133.134
2019-07-03,132.965
2019-07-05,133.801
2019-07-08,132.735
2019-07-09,135.395
2019-07-10,137.407
2019-07-11,137.288
2019-07-12,139.858
2019-07-15,140.336
2019-07-16,139.658
2019-07-17,139.3
2019-07-18,142.418
2019-07-19,141.462
2019-07-22,141.82
2019-07-23,143.145
2019-07-24,149.61
2019-07-25,146.293
2019-07-26,147.339
2019-07-29,146.93
2019-07-30,147.269
2019-07-31,144.58
2019-08-01,146.133
2019-08-02,143.076
2019-08-05,138.802
2019-08-06,141.76
2019-08-07,142.756
2019-08-08,148.773
2019-08-09,145.586
2019-08-12,141.87
2019-08-13,147.508
2019-08-14,140.516
2019-08-15,141.65
2019-08-16,147.717
2019-08-19,149.809
2019-08-20,148.803
2019-08-21,150.675
2019-08-22,151.613
2019-08-23,144.52
2019-08-26,144.978
2019-08-27,143.006
2019-08-28,143.474
2019-08-29,146.781
2019-08-30,146.92
2019-09-03,142.736
2019-09-04,146.104
2019-09-05,152.309
2019-09-06,152.239
2019-09-09,150.108
2019-09-10,149.221
2019-09-11,153.724
2019-09-12,157.44
2019-09-13,157.669
2019-09-16,156.443
2019-09-17,154.093
2019-09-18,154.501
2019-09-19,152.589
2019-09-20,150.537
2019-09-23,153.395
2019-09-24,153.495
2019-09-25,156.105
2019-09-26,156.364
2019-09-27,153.226
2019-09-30,152.259
2019-10-01,150.019
2019-10-02,146.671
2019-10-03,148.455
2019-10-04,149.61
2019-10-07,145.974
2019-10-08,138.732
2019-10-09,132.227
2019-10-10,134.04
2019-10-11,135.136
2019-10-14,139.42
2019-10-15,141.482
2019-10-16,138.782
2019-10-17,139.618
2019-10-18,139.031
2019-10-21,142.248
2019-10-22,141.093
2019-10-23,147.428
2019-10-24,146.98
2019-10-25,149.032
2019-10-28,150.557
2019-10-29,148.993
2019-10-30,148.405
2019-10-31,146.661
2019-11-01,152.209
2019-11-04,157.619
2019-11-05,159.063
2019-11-06,156.683
2019-11-07,159.82
2019-11-08,161.454
2019-11-11,160.328
2019-11-12,159.033
2019-11-13,156.802
2019-11-14,156.663
2019-11-15,158.984
2019-11-18,157.649
2019-11-19,158.246
2019-11-20,155.697
2019-11-21,155.009
2019-11-22,154.541
2019-11-25,160.538
2019-11-26,159.262
2019-11-27,159.611
2019-11-29,157.201
2019-12-02,154.561
2019-12-03,154.023
2019-12-04,158.306
2019-12-05,158.794
2019-12-06,162.4
2019-12-09,160.737
2019-12-10,161.534
2019-12-11,165.388
2019-12-12,169.991
2019-12-13,170.808
2019-12-16,173.378
2019-12-17,174.783
2019-12-18,174.971
2019-12-19,176.037
2019-12-20,178.927
2019-12-23,175.201
2019-12-24,174.473
2019-12-26,175.291
2019-12-27,174.543
2019-12-30,174.921
2019-12-31,174.553
2020-01-02,176.495
2020-01-03,173.298
2020-01-06,171.515
2020-01-07,173.129
2020-01-08,172.899
2020-01-09,175.251
2020-01-10,173.417
2020-01-13,175.829
2020-01-14,175.459
2020-01-15,174.653
2020-01-16,176.815
2020-01-17,178.059
2020-01-21,178.627
2020-01-22,178.159
2020-01-23,179.464
2020-01-24,179.723
2020-01-27,172.621
2020-01-28,176.765
2020-01-29,174.045
2020-01-30,175.031
2020-01-31,167.83
2020-02-03,171.784
2020-02-04,179.066
2020-02-05,183.339
2020-02-06,178.309
2020-02-07,176.695
2020-02-10,180.6
2020-02-11,185.82
2020-02-12,187.005
2020-02-13,187.702
2020-02-14,187.464
2020-02-18,181.725
2020-02-19,183.808
2020-02-20,180.47
2020-02-21,173.189
2020-02-24,162.64
2020-02-25,161.324
2020-02-26,161.006
2020-02-27,154.153
2020-02-28,155.547
2020-03-02,160.906
2020-03-03,159.053
2020-03-04,168.198
2020-03-05,168.985
2020-03-06,162.828
2020-03-09,145.606
2020-03-10,160.418
2020-03-11,152.767
2020-03-12,143.145
2020-03-13,167.222
2020-03-16,133.313
2020-03-17,156.005
2020-03-18,138.872
2020-03-19,147.508
2020-03-20,132.586
2020-03-23,137.128
2020-03-24,159.332
2020-03-25,155.218
2020-03-26,171.356
2020-03-27,158.545
2020-03-30,162.47
2020-03-31,164.712
2020-04-01,156.802
2020-04-02,154.919
2020-04-03,150.895
2020-04-06,167.192
2020-04-07,164.104
2020-04-08,170.629
2020-04-09,165.18
2020-04-13,169.084
2020-04-14,180.859
2020-04-15,175.589
2020-04-16,180.779
2020-04-17,182.702
2020-04-20,181.207
2020-04-21,174.225
2020-04-22,181.745
2020-04-23,178.279
2020-04-24,182.971
2020-04-27,190.68
2020-04-28,188.16
2020-04-29,200.203
2020-04-30,196.627
2020-05-01,185.89
2020-05-04,186.656
2020-05-05,193.689
2020-05-06,197.465
2020-05-07,199.725
2020-05-08,207.784
2020-05-11,207.037
2020-05-12,206.061
2020-05-13,196.498
2020-05-14,197.673
2020-05-15,189.834
2020-05-18,201.449
2020-05-19,198.491
2020-05-20,206.071
2020-05-21,199.109
2020-05-22,198.849
2020-05-26,201.519
2020-05-27,206.32
2020-05-28,201.777
2020-05-29,206.31
2020-06-01,209.886
2020-06-02,215.853
2020-06-03,223.673
2020-06-04,225.317
2020-06-05,231.284
2020-06-08,225.865
2020-06-09,222.797
2020-06-10,226.073
2020-06-11,207.516
2020-06-12,210.474
2020-06-15,216.192
2020-06-16,219.718
2020-06-17,221.601
2020-06-18,219.339
2020-06-19,218.204
2020-06-22,222.935
2020-06-23,222.717
2020-06-24,216.301
2020-06-25,224.829
2020-06-26,222.527
2020-06-29,226.671
2020-06-30,233.614
2020-07-01,232.19
2020-07-02,233.744
2020-07-06,238.684
2020-07-07,240.518
2020-07-08,244.004
2020-07-09,245.927
2020-07-10,244.363
2020-07-13,238.964
2020-07-14,245.967
2020-07-15,243.207
2020-07-16,242.032
2020-07-17,245.867
2020-07-20,248.955
2020-07-21,245.159
2020-07-22,245.707
2020-07-23,241.693
2020-07-24,241.623
2020-07-27,250.27
2020-07-28,243.954
2020-07-29,260.122
2020-07-30,265.909
2020-07-31,261.227
2020-08-03,264.604
2020-08-04,271.687
2020-08-05,274.077
2020-08-06,278.47
2020-08-07,274.765
2020-08-10,268.25
2020-08-11,266.337
2020-08-12,276.0
2020-08-13,275.133
2020-08-14,271.925
2020-08-17,277.365
2020-08-18,271.477
2020-08-19,270.571
2020-08-20,266.955
2020-08-21,268.847
2020-08-24,264.275
2020-08-25,267.712
2020-08-26,265.71
2020-08-27,260.251
2020-08-28,265.62
2020-08-31,263.309
2020-09-01,268.719
2020-09-02,278.819
2020-09-03,259.344
2020-09-04,252.152
2020-09-08,239.163
2020-09-09,243.048
2020-09-10,239.721
2020-09-11,233.644
2020-09-14,244.073
2020-09-15,254.982
2020-09-16,246.673
2020-09-17,248.507
2020-09-18,250.319
2020-09-21,252.312
2020-09-22,255.768
2020-09-23,248.457
2020-09-24,255.878
2020-09-25,261.396
2020-09-28,270.959
2020-09-29,273.161
2020-09-30,276.12
2020-10-01,276.837
2020-10-02,268.957
2020-10-05,278.978
2020-10-06,282.933
2020-10-07,294.607
2020-10-08,299.23
2020-10-09,311.522
2020-10-12,312.239
2020-10-13,311.542
2020-10-14,310.466
2020-10-15,316.931
2020-10-16,311.283
2020-10-19,308.524
2020-10-20,311.981
2020-10-21,307.298
2020-10-22,310.905
2020-10-23,317.439
2020-10-26,312.987
2020-10-27,315.895
2020-10-28,299.977
2020-10-29,314.66
2020-10-30,315.627
2020-11-02,311.333
2020-11-03,310.466
2020-11-04,331.664
2020-11-05,352.144
2020-11-06,352.712
2020-11-09,312.877
2020-11-10,305.904
2020-11-11,313.475
2020-11-12,306.87
2020-11-13,303.115
2020-11-16,302.188
2020-11-17,299.08
2020-11-18,296.351
2020-11-19,308.434
2020-11-20,311.791
2020-11-23,314.929
2020-11-24,300.894
2020-11-25,302.587
2020-11-27,324.044
2020-11-30,315.975
2020-12-01,315.825
2020-12-02,316.831
2020-12-03,320.099
2020-12-04,317.369
2020-12-07,318.415
2020-12-08,319.451
2020-12-09,304.758
2020-12-10,303.434
2020-12-11,302.736
2020-12-14,315.487
2020-12-15,327.43
2020-12-16,327.898
2020-12-17,337.203
2020-12-18,343.887
2020-12-21,342.263
2020-12-22,349.654
2020-12-23,349.485
2020-12-24,352.612
2020-12-28,355.97
2020-12-29,347.802
2020-12-30,356.727
2020-12-31,362.166
2021-01-04,360.781
2021-01-05,366.469
2021-01-06,354.635
2021-01-07,377.018
2021-01-08,383.135
2021-01-11,388.115
2021-01-12,387.179
2021-01-13,383.921
2021-01-14,381.929
2021-01-15,375.036
2021-01-19,386.979
2021-01-20,392.03
2021-01-21,398.724
2021-01-22,392.518
2021-01-25,386.979
2021-01-26,379.0
2021-01-27,347.861
2021-01-28,363.899
2021-01-29,351.348
2021-02-01,363.849
2021-02-02,370.414
2021-02-03,361.967
2021-02-04,363.521
2021-02-05,355.532
2021-02-08,364.537
2021-02-09,374.966
2021-02-10,369.597
2021-02-11,380.405
2021-02-12,381.65
2021-02-16,383.683
2021-02-17,376.072
2021-02-18,371.719
2021-02-19,389.401
2021-02-22,368.531
2021-02-23,367.555
2021-02-24,383.583
2021-02-25,358.58
2021-02-26,370.364
2021-03-01,384.739
2021-03-02,366.489
2021-03-03,350.87
2021-03-04,324.342
2021-03-05,329.224
2021-03-08,298.712
2021-03-09,320.269
2021-03-10,319.83
2021-03-11,333.876
2021-03-12,327.341
2021-03-15,337.85
2021-03-16,338.857
2021-03-17,348.31
2021-03-18,332.042
2021-03-19,339.385
2021-03-22,344.385
2021-03-23,332.979
2021-03-24,327.331
2021-03-25,327.918
2021-03-26,347.084
2021-03-29,336.765
2021-03-30,339.395
2021-03-31,349.914
2021-04-01,364.089
2021-04-05,374.558
2021-04-06,371.042
2021-04-07,369.637
2021-04-08,374.846
2021-04-09,373.362
2021-04-12,370.424
2021-04-13,373.014
2021-04-14,366.479
2021-04-15,378.004
2021-04-16,375.096
2021-04-19,366.161
2021-04-20,360.881
2021-04-21,374.06
2021-04-22,368.711
2021-04-23,377.228
2021-04-26,385.894
2021-04-27,381.411
2021-04-28,374.01
2021-04-29,367.655
2021-04-30,358.012
2021-05-03,347.015
2021-05-04,330.996
2021-05-05,334.673
2021-05-06,330.27
2021-05-07,339.593
2021-05-10,318.853
2021-05-11,317.429
2021-05-12,303.244
2021-05-13,303.474
2021-05-14,313.565
2021-05-17,309.39
2021-05-18,306.512
2021-05-19,316.821
2021-05-20,328.874
2021-05-21,321.414
2021-05-24,326.823
2021-05-25,328.268
2021-05-26,335.878
2021-05-27,339.375
2021-05-28,339.923
2021-06-01,339.245
2021-06-02,340.431
2021-06-03,332.81
2021-06-04,343.787
2021-06-07,339.444
2021-06-08,335.509
2021-06-09,337.322
2021-06-10,340.201
2021-06-11,343.917
2021-06-14,348.519
2021-06-15,342.203
2021-06-16,340.479
2021-06-17,352.752
2021-06-18,350.66
2021-06-21,350.8
2021-06-22,350.422
2021-06-23,346.815
2021-06-24,356.0
2021-06-25,362.265
2021-06-28,370.982
2021-06-29,374.488
2021-06-30,370.553
2021-07-01,367.316
2021-07-02,373.402
2021-07-06,380.495
2021-07-07,374.01
2021-07-08,370.115
2021-07-09,379.638
2021-07-12,383.951
2021-07-13,384.449
2021-07-14,379.907
2021-07-15,376.58
2021-07-16,376.53
2021-07-19,377.786
2021-07-20,389.331
2021-07-21,402.161
2021-07-22,401.862
2021-07-23,411.047
2021-07-26,409.741
2021-07-27,404.113
2021-07-28,427.662
2021-07-29,436.657
2021-07-30,445.782
2021-08-02,450.942
2021-08-03,453.004
2021-08-04,462.826
2021-08-05,459.887
2021-08-06,458.213
2021-08-09,456.221
2021-08-10,454.837
2021-08-11,455.683
2021-08-12,458.751
2021-08-13,461.252
2021-08-16,454.986
2021-08-17,449.178
2021-08-18,454.369
2021-08-19,463.613
2021-08-20,472.488
2021-08-23,481.433
2021-08-24,481.583
2021-08-25,479.531
2021-08-26,483.445
2021-08-27,491.126
2021-08-30,499.055
2021-08-31,491.096
2021-09-01,492.252
2021-09-02,494.164
2021-09-03,498.258
2021-09-07,493.506
2021-09-08,488.257
2021-09-09,484.551
2021-09-10,490.21
2021-09-13,485.597
2021-09-14,491.624
2021-09-15,492.152
2021-09-16,494.971
2021-09-17,493.666
2021-09-20,484.84
2021-09-21,488.865
2021-09-22,504.006
2021-09-23,513.748
2021-09-24,513.918
2021-09-27,505.211
2021-09-28,486.394
2021-09-29,481.453
2021-09-30,481.523
2021-10-01,479.929
2021-10-04,460.983
2021-10-05,466.442
2021-10-06,463.782
2021-10-07,469.122
2021-10-08,465.664
2021-10-11,457.835
2021-10-12,458.671
2021-10-13,462.935
2021-10-14,476.931
2021-10-15,477.907
2021-10-18,487.121
2021-10-19,492.83
2021-10-20,497.71
2021-10-21,514.126
2021-10-22,507.612
2021-10-25,519.406
2021-10-26,519.904
2021-10-27,521.578
2021-10-28,546.133
2021-10-29,522.036
2021-11-01,525.831
2021-11-02,532.485
2021-11-03,535.544
2021-11-04,531.589
2021-11-05,542.716
2021-11-08,544.778
2021-11-09,549.859
2021-11-10,534.089
2021-11-11,550.973
2021-11-12,558.106
2021-11-15,559.292
2021-11-16,572.221
2021-11-17,559.88
2021-11-18,557.289
2021-11-19,566.872
2021-11-22,554.221
2021-11-23,542.278
2021-11-24,548.971
2021-11-26,531.539
2021-11-29,560.636
2021-11-30,549.849
2021-12-01,551.581
2021-12-02,550.845
2021-12-03,541.062
2021-12-06,506.895
2021-12-07,535.265
2021-12-08,535.494
2021-12-09,512.234
2021-12-10,500.121
2021-12-13,476.881
2021-12-14,474.799
2021-12-15,487.201
2021-12-16,472.398
2021-12-17,479.839
2021-12-20,474.371
2021-12-21,482.291
2021-12-22,489.592
2021-12-23,492.372
2021-12-27,507.751
2021-12-28,494.832
2021-12-29,495.07
2021-12-30,488.884
2021-12-31,490.708
2022-01-03,492.222
2022-01-04,488.636
2022-01-05,458.084
2022-01-06,463.134
2022-01-07,442.325
2022-01-10,446.938
2022-01-11,450.105
2022-01-12,446.518
2022-01-13,431.308
2022-01-14,435.851
2022-01-18,414.135
2022-01-19,411.763
2022-01-20,402.012
2022-01-21,395.318
2022-01-24,399.88
2022-01-25,372.874
2022-01-26,376.202
2022-01-27,359.197
2022-01-28,368.92
2022-01-31,400.786
2022-02-01,404.183
2022-02-02,412.291
2022-02-03,391.064
2022-02-04,397.987
2022-02-07,394.839
2022-02-08,403.446
2022-02-09,420.56
2022-02-10,405.119
2022-02-11,422.034
2022-02-14,431.019
2022-02-15,476.722
2022-02-16,484.98
2022-02-17,459.419
2022-02-18,454.917
2022-02-22,447.714
2022-02-23,429.116
2022-02-24,452.715
2022-02-25,458.981
2022-02-28,456.261
2022-03-01,434.277
2022-03-02,451.041
2022-03-03,427.712
2022-03-04,411.575
2022-03-07,379.469
2022-03-08,392.339
2022-03-09,415.937
2022-03-10,406.883
2022-03-11,393.634
2022-03-14,382.965
2022-03-15,419.574
2022-03-16,438.331
2022-03-17,448.84
2022-03-18,467.378
2022-03-21,461.959
2022-03-22,467.647
2022-03-23,461.252
2022-03-24,491.992
2022-03-25,488.904
2022-03-28,496.764
2022-03-29,509.485
2022-03-30,486.514
2022-03-31,483.805
2022-04-01,461.809
2022-04-04,472.698
2022-04-05,437.683
2022-04-06,429.585
2022-04-07,434.625
2022-04-08,410.001
2022-04-11,394.58
2022-04-12,399.492
2022-04-13,419.016
2022-04-14,407.799
2022-04-18,424.275
2022-04-19,435.761
2022-04-20,430.521
2022-04-21,413.955
2022-04-22,402.649
2022-04-25,418.547
2022-04-26,392.847
2022-04-27,390.865
2022-04-28,410.897
2022-04-29,390.725
2022-05-02,409.283
2022-05-03,455.713
2022-05-04,477.339
2022-05-05,450.234
2022-05-06,443.222
2022-05-09,405.169
2022-05-10,411.195
2022-05-11,385.217
2022-05-12,386.919
2022-05-13,430.003
2022-05-16,415.389
2022-05-17,441.389
2022-05-18,409.771
2022-05-19,415.081
2022-05-20,416.505
2022-05-23,417.133
2022-05-24,386.939
2022-05-25,400.059
2022-05-26,420.042
2022-05-27,454.089
2022-05-31,448.65
2022-06-01,446.518
2022-06-02,470.476
2022-06-03,455.693
2022-06-06,464.3
2022-06-07,471.612
2022-06-08,456.131
2022-06-09,442.365
2022-06-10,421.984
2022-06-13,388.135
2022-06-14,405.587
2022-06-15,414.583
2022-06-16,385.625
2022-06-17,397.02
2022-06-21,411.245
2022-06-22,398.914
2022-06-23,398.106
2022-06-24,417.79
2022-06-27,415.25
2022-06-28,395.596
2022-06-29,391.634
2022-06-30,383.281
2022-07-01,364.228
2022-07-05,368.031
2022-07-06,368.37
2022-07-07,385.925
2022-07-08,394.698
2022-07-11,388.88
2022-07-12,384.608
2022-07-13,386.684
2022-07-14,395.197
2022-07-15,409.439
2022-07-18,408.231
2022-07-19,425.397
2022-07-20,441.216
2022-07-21,455.128
2022-07-22,435.577
2022-07-25,429.429
2022-07-26,421.275
2022-07-27,450.118
2022-07-28,459.2
2022-07-29,463.801
2022-08-01,461.386
2022-08-02,504.72
2022-08-03,525.08
2022-08-04,529.91
2022-08-05,531.277
2022-08-08,534.461
2022-08-09,510.05
2022-08-10,530.958
2022-08-11,516.946
2022-08-12,526.707
2022-08-15,535.818
2022-08-16,530.359
2022-08-17,519.471
2022-08-18,526.198
2022-08-19,510.638
2022-08-22,490.668
2022-08-23,496.526
2022-08-24,496.127
2022-08-25,513.413
2022-08-26,475.678
2022-08-29,460.847
2022-08-30,462.254
2022-08-31,452.284
2022-09-01,424.629
2022-09-02,423.581
2022-09-06,418.062
2022-09-07,426.345
2022-09-08,437.912
2022-09-09,446.316
2022-09-12,446.036
2022-09-13,421.495
2022-09-14,428.86
2022-09-15,418.052
2022-09-16,417.134
2022-09-19,416.834
2022-09-20,410.028
2022-09-21,403.062
2022-09-22,380.955
2022-09-23,370.506
2022-09-26,366.624
2022-09-27,371.923
2022-09-28,378.58
2022-09-29,365.4
2022-09-30,363.4
2022-10-03,377.0
2022-10-04,394.01
2022-10-05,399.84
2022-10-06,395.35
2022-10-07,362.6
2022-10-10,344.34
2022-10-11,328.01
2022-10-12,322.98
2022-10-13,331.96
2022-10-14,309.2
2022-10-17,316.17
2022-10-18,315.6
2022-10-19,314.83
2022-10-20,317.44
2022-10-21,332.83
2022-10-24,330.99
2022-10-25,342.16
2022-10-26,333.33
2022-10-27,329.48
2022-10-28,346.8
2022-10-31,339.45
2022-11-01,348.88
2022-11-02,334.54
2022-11-03,334.2
2022-11-04,351.74
2022-11-07,352.96
2022-11-08,356.15
2022-11-09,343.84
2022-11-10,386.87
2022-11-11,393.37
2022-11-14,387.97
2022-11-15,405.03
2022-11-16,375.38
2022-11-17,376.04
2022-11-18,377.31
2022-11-21,368.28
2022-11-22,374.02
2022-11-23,375.69
2022-11-25,369.28
2022-11-28,355.49
2022-11-29,354.95
2022-11-30,381.96
2022-12-01,382.07
2022-12-02,383.21
2022-12-05,375.06
2022-12-06,363.86
2022-12-07,367.77
2022-12-08,385.35
2022-12-09,386.1
2022-12-12,393.03
2022-12-13,401.52
2022-12-14,395.39
2022-12-15,373.3
2022-12-16,367.03
2022-12-19,359.01
2022-12-20,357.87
2022-12-21,367.0
2022-12-22,347.6
2022-12-23,350.61
2022-12-27,342.28
2022-12-28,340.28
2022-12-29,353.42
2022-12-30,353.61
2023-01-03,342.95
2023-01-04,357.83
2023-01-05,347.06
2023-01-06,367.45
2023-01-09,383.46
2023-01-10,388.17
2023-01-11,397.37
2023-01-12,399.64
2023-01-13,398.46
2023-01-17,401.68
2023-01-18,397.85
2023-01-19,383.29
2023-01-20,397.78
2023-01-23,428.51
2023-01-24,419.13
2023-01-25,424.69
2023-01-26,432.76
2023-01-27,425.07
2023-01-30,407.62
2023-01-31,426.56
2023-02-01,457.77
2023-02-02,473.96
2023-02-03,456.3
2023-02-06,449.68
2023-02-07,467.62
2023-02-08,463.0
2023-02-09,510.43
2023-02-10,492.02
2023-02-13,501.42
2023-02-14,520.56
2023-02-15,530.09
2023-02-16,513.37
2023-02-17,502.09
2023-02-21,481.92
2023-02-22,482.71
2023-02-23,494.9
2023-02-24,483.06
2023-02-27,486.26
2023-02-28,484.29
2023-03-01,486.53
2023-03-02,493.74
2023-03-03,506.03
2023-03-06,497.21
2023-03-07,492.8
2023-03-08,504.77
2023-03-09,492.67
2023-03-10,478.95
2023-03-13,486.3
2023-03-14,493.72
2023-03-15,476.61
2023-03-16,497.97
2023-03-17,488.31
2023-03-20,494.34
2023-03-21,498.44
2023-03-22,489.81
2023-03-23,510.5
2023-03-24,485.4
2023-03-27,482.83
2023-03-28,475.04
2023-03-29,490.91
2023-03-30,497.79
2023-03-31,500.54
2023-04-03,492.97
2023-04-04,483.01
2023-04-05,473.32
2023-04-06,473.61
2023-04-10,488.76
2023-04-11,484.64
2023-04-12,465.89
2023-04-13,476.84
2023-04-14,477.27
2023-04-17,482.36
2023-04-18,475.62
2023-04-19,463.5
2023-04-20,466.42
2023-04-21,463.0
2023-04-24,472.93
2023-04-25,450.82
2023-04-26,454.04
2023-04-27,448.61
2023-04-28,461.97
2023-05-01,471.74
2023-05-02,468.13
2023-05-03,466.11
2023-05-04,458.93
2023-05-05,411.27
2023-05-08,418.62
2023-05-09,401.38
2023-05-10,415.98
2023-05-11,398.61
2023-05-12,399.19
2023-05-15,412.56
2023-05-16,402.54
2023-05-17,415.71
2023-05-18,431.47
2023-05-19,432.02
2023-05-22,448.4
2023-05-23,423.7
2023-05-24,415.73
2023-05-25,488.32
2023-05-26,520.92
2023-05-30,514.97
2023-05-31,489.91
2023-06-01,499.29
2023-06-02,497.25
2023-06-05,487.15
2023-06-06,497.41
2023-06-07,494.58
2023-06-08,497.7
2023-06-09,501.87
2023-06-12,526.22
2023-06-13,535.69
2023-06-14,537.21
2023-06-15,519.28
2023-06-16,517.61
2023-06-20,510.23
2023-06-21,505.08
2023-06-22,512.24
2023-06-23,506.0
2023-06-26,510.91
2023-06-27,532.81
2023-06-28,527.27
2023-06-29,535.8
2023-06-30,540.23
2023-07-03,542.57
2023-07-05,523.26
2023-07-06,514.49
2023-07-07,513.9
2023-07-10,534.33
2023-07-11,542.53
2023-07-12,561.04
2023-07-13,576.62
2023-07-14,565.01
2023-07-17,588.72
2023-07-18,588.11
2023-07-19,574.51
2023-07-20,529.05
2023-07-21,533.67
2023-07-24,533.22
2023-07-25,551.53
2023-07-26,528.8
2023-07-27,537.19
2023-07-28,545.55
2023-07-31,559.49
2023-08-01,550.29
2023-08-02,530.43
2023-08-03,532.68
2023-08-04,537.04
2023-08-07,541.72
2023-08-08,529.7
2023-08-09,521.04
2023-08-10,518.48
2023-08-11,502.17
2023-08-14,524.66
2023-08-15,518.89
2023-08-16,493.91
2023-08-17,485.35
2023-08-18,482.29
2023-08-21,498.89
2023-08-22,500.63
2023-08-23,519.45
2023-08-24,488.01
2023-08-25,489.08
2023-08-28,493.87
2023-08-29,512.82
2023-08-30,515.14
2023-08-31,521.21
2023-09-01,524.92
2023-09-05,528.72
2023-09-06,523.18
2023-09-07,506.14
2023-09-08,500.87
2023-09-11,486.16
2023-09-12,473.94
2023-09-13,470.36
2023-09-14,479.17
2023-09-15,464.23
2023-09-18,463.19
2023-09-19,457.78
2023-09-20,452.86
2023-09-21,440.38
2023-09-22,449.29
2023-09-25,453.15
2023-09-26,444.54
2023-09-27,441.18
2023-09-28,451.92
2023-09-29,462.0
2023-10-02,459.34
2023-10-03,448.93
2023-10-04,457.17
2023-10-05,451.76
2023-10-06,473.68
2023-10-09,476.02
2023-10-10,490.0
2023-10-11,502.04
2023-10-12,493.04
2023-10-13,475.75
2023-10-16,483.12
2023-10-17,476.56
2023-10-18,461.06
2023-10-19,433.75
2023-10-20,420.04
2023-10-23,413.49
2023-10-24,418.0
2023-10-25,399.73
2023-10-26,404.06
2023-10-27,405.93
2023-10-30,404.0
2023-10-31,441.74
2023-11-01,456.56
2023-11-02,471.72
2023-11-03,492.93
2023-11-06,493.54
2023-11-07,492.56
2023-11-08,492.94
2023-11-09,482.06
2023-11-10,504.58
2023-11-13,507.12
2023-11-14,535.47
2023-11-15,547.6
2023-11-16,536.98
2023-11-17,540.02
2023-11-20,551.2
2023-11-21,538.09
2023-11-22,546.07
2023-11-24,549.44
2023-11-27,546.52
2023-11-28,543.44
2023-11-29,552.46
2023-11-30,548.72
2023-12-01,559.61
2023-12-04,559.54
2023-12-05,553.39
2023-12-06,554.24
2023-12-07,568.5
2023-12-08,575.73
2023-12-11,592.4
2023-12-12,595.82
2023-12-13,608.72
2023-12-14,637.39
2023-12-15,633.31
2023-12-18,634.33
2023-12-19,635.26
2023-12-20,611.03
2023-12-21,621.73
2023-12-22,617.64
2023-12-26,637.04
2023-12-27,636.56
2023-12-28,632.22
2023-12-29,630.78
2024-01-02,604.0
2024-01-03,578.3
2024-01-04,571.06
2024-01-05,573.99
2024-01-08,590.71
2024-01-09,593.75
2024-01-10,589.19
2024-01-11,588.43
2024-01-12,578.76
2024-01-16,596.41
2024-01-17,584.35
2024-01-18,610.9
2024-01-19,631.33
2024-01-22,637.76
2024-01-23,642.0
2024-01-24,632.0
2024-01-25,615.68
2024-01-26,601.14
2024-01-29,619.78
2024-01-30,613.42
2024-01-31,602.72
2024-02-01,614.13
2024-02-02,635.86
2024-02-05,646.21
2024-02-06,632.98
2024-02-07,645.41
2024-02-08,737.07
2024-02-09,752.31
2024-02-12,729.87
2024-02-13,712.12
2024-02-14,745.18
2024-02-15,734.32
2024-02-16,730.5
2024-02-20,712.32
2024-02-21,713.92
2024-02-22,741.3
2024-02-23,721.13
2024-02-26,724.89
2024-02-27,709.29
2024-02-28,710.57
2024-02-29,720.04
2024-03-01,743.75
2024-03-04,735.68
2024-03-05,717.64
2024-03-06,731.37
2024-03-07,767.6
2024-03-08,732.21
2024-03-11,719.17
2024-03-12,736.55
2024-03-13,708.18
2024-03-14,693.0
2024-03-15,686.99
2024-03-18,674.3
2024-03-19,650.28
2024-03-20,667.01
2024-03-21,675.24
2024-03-22,672.31
2024-03-25,669.37
2024-03-26,666.49
2024-03-27,673.14
2024-03-28,677.42
2024-04-01,668.48
2024-04-02,648.97
2024-04-03,649.84
2024-04-04,643.14
2024-04-05,654.31
2024-04-08,681.32
2024-04-09,682.15
2024-04-10,666.49
2024-04-11,684.34
2024-04-12,658.23
2024-04-15,646.63
2024-04-16,655.53
2024-04-17,637.72
2024-04-18,620.31
2024-04-19,591.52
2024-04-22,600.63
2024-04-23,611.37
2024-04-24,642.21
2024-04-25,660.34
2024-04-26,677.23
2024-04-29,679.7
2024-04-30,669.33
2024-05-01,652.59
2024-05-02,712.89
2024-05-03,707.22
2024-05-06,733.05
2024-05-07,702.22
2024-05-08,713.37
2024-05-09,708.02
2024-05-10,702.54
2024-05-13,703.05
2024-05-14,713.71
2024-05-15,741.34
2024-05-16,728.1
2024-05-17,730.05
2024-05-20,755.88
2024-05-21,756.74
2024-05-22,760.62
2024-05-23,746.39
2024-05-24,753.38
2024-05-28,759.58
2024-05-29,746.4
2024-05-30,743.9
2024-05-31,735.63
2024-06-03,731.79
2024-06-04,726.56
2024-06-05,757.61
2024-06-06,758.61
2024-06-07,751.64
2024-06-10,779.58
2024-06-11,783.98
2024-06-12,815.63
2024-06-13,817.0
2024-06-14,806.57
2024-06-17,827.39
2024-06-18,852.56
2024-06-20,825.33
2024-06-21,826.17
2024-06-24,798.14
2024-06-25,819.87
2024-06-26,816.45
2024-06-27,810.7
2024-06-28,821.68
2024-07-01,819.4
2024-07-02,828.75
2024-07-03,839.22
2024-07-05,841.65
2024-07-08,851.82
2024-07-09,846.2
2024-07-10,860.81
2024-07-11,830.95
2024-07-12,855.67
2024-07-15,870.91
2024-07-16,889.48
2024-07-17,817.38
2024-07-18,843.47
2024-07-19,808.83
2024-07-22,857.4
2024-07-23,846.41
2024-07-24,787.88
2024-07-25,789.9
2024-07-26,821.78
2024-07-29,827.26
2024-07-30,781.85
2024-07-31,863.09
2024-08-01,784.95
2024-08-02,795.76
2024-08-05,770.44
2024-08-06,790.16
2024-08-07,757.04
2024-08-08,843.52
2024-08-09,823.0
2024-08-12,823.95
2024-08-13,867.81
2024-08-14,862.62
2024-08-15,920.69
2024-08-16,914.66
2024-08-19,917.21
2024-08-20,904.69
2024-08-21,947.16
2024-08-22,908.53
2024-08-23,936.29
2024-08-26,912.25
2024-08-27,945.46
2024-08-28,929.3
2024-08-29,930.61
2024-08-30,934.68
2024-09-03,838.63
2024-09-04,850.51
2024-09-05,841.49
2024-09-06,806.31
2024-09-09,836.01
2024-09-10,847.7
2024-09-11,895.16
2024-09-12,895.91
2024-09-13,914.1
2024-09-16,885.23
2024-09-17,867.31
2024-09-18,860.66
2024-09-19,911.12
2024-09-20,891.32
2024-09-23,893.29
2024-09-24,911.0
2024-09-25,914.74
2024-09-26,944.39
2024-09-27,924.99
2024-09-30,924.5
2024-10-01,891.81
2024-10-02,918.9
2024-10-03,922.75
2024-10-04,935.61
2024-10-07,930.24
2024-10-08,923.14
2024-10-09,936.01
2024-10-10,930.07
2024-10-11,938.47
2024-10-14,943.21
2024-10-15,894.69
2024-10-16,904.94
2024-10-17,918.13
2024-10-18,916.29
2024-10-21,883.26
2024-10-22,876.81
2024-10-23,883.64
2024-10-24,900.03
2024-10-25,901.29
2024-10-28,890.46
2024-10-29,933.23
2024-10-30,919.81
2024-10-31,759.3
2024-11-01,759.37
2024-11-04,766.57
2024-11-05,762.97
2024-11-06,785.29
2024-11-07,775.21
2024-11-08,761.3
2024-11-11,647.31
2024-11-12,644.1
2024-11-13,601.47
2024-11-14,576.79
2024-11-15,573.38
2024-11-18,587.84
2024-11-19,585.87
2024-11-20,560.06
2024-11-21,572.47
2024-11-22,580.81
2024-11-25,600.86
2024-11-26,572.08
2024-11-27,560.24
2024-11-29,567.64
2024-12-02,580.35
2024-12-03,582.85
2024-12-04,581.63
2024-12-05,572.32
2024-12-06,589.68
2024-12-09,609.67
2024-12-10,595.32
2024-12-11,623.82
2024-12-12,605.45
2024-12-13,608.44
2024-12-16,628.62
2024-12-17,628.22
2024-12-18,598.07
2024-12-19,589.15
2024-12-20,593.22
2024-12-23,617.28
2024-12-24,619.58
2024-12-26,619.83
2024-12-27,612.7
2024-12-30,603.65
2024-12-31,591.7
2025-01-02,594.22
2025-01-03,619.87
2025-01-06,631.1
2025-01-07,624.87
2025-01-08,620.96
2025-01-10,591.23
2025-01-13,587.35
2025-01-14,589.86
2025-01-15,602.41
2025-01-16,596.66
2025-01-17,625.82
2025-01-21,638.49
2025-01-22,689.42
2025-01-23,698.79
2025-01-24,678.43
2025-01-27,600.79
2025-01-28,617.57
2025-01-29,618.76
2025-01-30,636.78
2025-01-31,637.37
2025-02-03,628.78
2025-02-04,656.29
2025-02-05,653.87
2025-02-06,660.9
2025-02-07,720.25
2025-02-10,705.36
2025-02-11,699.03
2025-02-12,699.46
2025-02-13,699.99
2025-02-14,684.93
2025-02-18,690.77
2025-02-19,692.51
2025-02-20,689.81
2025-02-21,661.08
2025-02-24,652.74
2025-02-25,651.32
2025-02-26,671.58
2025-02-27,609.38
2025-02-28,611.01
2025-03-03,578.92
2025-03-04,588.15
2025-03-05,612.19
2025-03-06,565.7
2025-03-07,596.79
2025-03-10,581.59
2025-03-11,570.35
2025-03-12,582.99
2025-03-13,571.21
2025-03-14,606.06
2025-03-17,640.64
2025-03-18,622.29
2025-03-19,629.84
2025-03-20,609.02
2025-03-21,590.98
2025-03-24,627.93
2025-03-25,632.97
2025-03-26,600.47
2025-03-27,601.44
2025-03-28,579.89
2025-03-31,579.98
2025-04-01,581.48
2025-04-02,590.65
2025-04-03,498.68
2025-04-04,477.39
2025-04-07,488.62
2025-04-08,455.19
2025-04-09,561.84
2025-04-10,484.71
2025-04-11,533.13
2025-04-14,538.8
2025-04-15,544.25
2025-04-16,524.86
2025-04-17,523.58
2025-04-21,508.19
2025-04-22,511.82
2025-04-23,536.97
2025-04-24,580.75
2025-04-25,583.72
2025-04-28,585.21
2025-04-29,586.74
2025-04-30,593.1
2025-05-01,601.63
2025-05-02,636.89
2025-05-05,627.4
2025-05-06,622.99
2025-05-07,636.71
2025-05-08,639.93
2025-05-09,637.77
2025-05-12,709.23
2025-05-13,737.73
2025-05-14,734.28
2025-05-15,710.32
2025-05-16,715.4
2025-05-19,702.39
2025-05-20,700.17
2025-05-21,678.62
2025-05-22,672.2
2025-05-23,662.18
2025-05-27,685.52
2025-05-28,677.48
2025-05-29,680.72
2025-05-30,661.9
2025-06-02,668.66
2025-06-03,685.76
2025-06-04,694.75
2025-06-05,681.06
2025-06-06,687.08
2025-06-09,706.28
2025-06-10,731.84
2025-06-11,720.83
2025-06-12,718.57
2025-06-13,673.01
2025-06-16,706.59
2025-06-17,690.87
2025-06-18,693.24
2025-06-20,685.9
2025-06-23,692.62
2025-06-24,716.58
2025-06-25,722.82
2025-06-26,735.17
2025-06-27,736.03
2025-06-30,731.38
2025-07-01,746.97
2025-07-02,764.4
2025-07-03,758.64
2025-07-07,741.17
2025-07-08,761.31
2025-07-09,751.14
2025-07-10,740.45
2025-07-11,736.06
2025-07-14,721.14
2025-07-15,717.62
2025-07-16,714.03
2025-07-17,713.57
2025-07-18,725.24
2025-07-21,724.77
2025-07-22,719.98
2025-07-23,720.01
2025-07-24,713.0
2025-07-25,714.68
2025-07-28,738.55
2025-07-29,724.37
2025-07-30,730.54
2025-07-31,711.24
2025-08-01,785.62
2025-08-04,830.63
2025-08-05,802.78
2025-08-06,805.85
2025-08-07,797.94
2025-08-08,804.29
2025-08-11,797.51
2025-08-12,840.56
2025-08-13,861.8
2025-08-14,848.81
2025-08-15,826.47
2025-08-18,850.31
2025-08-19,844.8
2025-08-20,826.27
2025-08-21,820.74
2025-08-22,844.0
2025-08-25,837.86
2025-08-26,850.64
2025-08-27,866.32
2025-08-28,858.46
2025-08-29,835.76
2025-09-02,823.65
2025-09-03,827.56
2025-09-04,848.11
2025-09-05,865.86
2025-09-08,864.32
2025-09-09,857.87
2025-09-10,855.18
2025-09-11,840.38
2025-09-12,834.14
2025-09-15,849.71
2025-09-16,857.02
2025-09-17,877.66
2025-09-18,917.78
2025-09-19,916.36
2025-09-22,922.81
2025-09-23,914.27
2025-09-24,908.45
2025-09-25,891.39
2025-09-26,887.55
2025-09-29,886.59
2025-09-30,920.64
2025-10-01,915.87
2025-10-02,930.51
2025-10-03,918.83
2025-10-06,968.1
2025-10-07,945.49
2025-10-08,980.9
2025-10-09,979.25
2025-10-10,904.44
2025-10-13,981.67
2025-10-14,968.25
2025-10-15,1007.93
2025-10-16,1026.83
2025-10-17,1004.65
2025-10-20,1031.59
2025-10-21,1028.67
2025-10-22,1001.4
2025-10-23,1070.8
2025-10-24,1074.91
2025-10-27,1105.05
2025-10-28,1086.36
2025-10-29,1094.08
2025-10-30,1087.56
2025-10-31,1005.0
2025-11-03,1003.93
2025-11-04,957.87
2025-11-05,1000.15
2025-11-06,958.07
2025-11-07,958.26
2025-11-10,976.31
2025-11-11,954.71
2025-11-12,958.35
2025-11-13,924.29
2025-11-14,920.19
2025-11-17,897.01
2025-11-18,856.96
2025-11-19,884.65
2025-11-20,857.19
2025-11-21,872.35
2025-11-24,892.97
2025-11-25,908.61
2025-11-26,924.95
2025-11-28,928.17
2025-12-01,928.35
2025-12-02,952.18
2025-12-03,958.02
2025-12-04,952.74
2025-12-05,963.275
2025-12-08,983.58
2025-12-09,962.95
2025-12-10,979.02
2025-12-11,981.48
2025-12-12,946.51
2025-12-15,949.4
2025-12-16,951.36
2025-12-17,912.25
